ApplicationID,ResponseTime,InterestRate,CustomerInteraction,SatisfactionQuality
1,Fast,Low,Poor,0.2049792328259108
2,Moderate,High,Good,0.4626103032569784
3,Slow,Medium,Average,0.8743980317083307
4,Moderate,High,Average,0.4288843893947102
5,Fast,High,Poor,0.12663712551837436
6,Slow,Medium,Average,0.19598018470176193
7,Slow,High,Average,0.7347592888493786
8,Fast,Medium,Average,0.26974246587376705
9,Moderate,Low,Good,0.9891253191087334
10,Moderate,Medium,Average,0.052023755029446894
11,Slow,High,Good,0.9994606810596731
12,Fast,Low,Good,0.5097260752881797
13,Fast,High,Good,0.28467473884646366
14,Slow,Low,Good,0.8801547329102589
15,Fast,Medium,Average,0.6205568470234586
16,Moderate,Medium,Average,0.6374024812092216
17,Moderate,High,Good,0.47132179410506836
18,Moderate,High,Poor,0.11800602661937487
19,Moderate,High,Average,0.5122605638762605
20,Moderate,Medium,Good,0.9935781728192187
21,Fast,High,Good,0.050322932934663944
22,Moderate,High,Good,0.2028731759142346
23,Moderate,High,Good,0.13605623443164294
24,Moderate,Low,Average,0.7299235192858211
25,Slow,Medium,Poor,0.2047194539499989
26,Fast,Low,Poor,0.14218137638735162
27,Slow,High,Poor,0.05450927741371958
28,Fast,High,Average,0.8855594435856314
29,Moderate,High,Poor,0.3316578441770175
30,Fast,High,Poor,0.21011777594021452
31,Fast,Medium,Average,0.021981814809622913
32,Slow,Medium,Average,0.297214113845096
33,Moderate,High,Average,0.09251662118309445
34,Moderate,Medium,Good,0.002184142857248772
35,Moderate,Medium,Poor,0.9206281367107758
36,Slow,High,Good,0.40252635549014204
37,Moderate,High,Average,0.26266973533048454
38,Slow,Medium,Good,0.33721249040628576
39,Moderate,Medium,Average,0.12331849107529225
40,Fast,Low,Poor,0.8031705116327311
41,Moderate,High,Good,0.3733531610318317
42,Slow,Low,Average,0.3616073184253895
43,Fast,Medium,Good,0.10580502485651422
44,Moderate,Low,Average,0.9559031723881823
45,Moderate,Medium,Poor,0.5785639322793544
46,Slow,High,Good,0.3837724579774092
47,Moderate,High,Good,0.41948148508981975
48,Fast,High,Good,0.9197925717794363
49,Moderate,Medium,Average,0.7292109485008531
50,Slow,High,Average,0.1692030516772518
51,Slow,Medium,Poor,0.7201113335149457
52,Slow,High,Good,0.17397739952180358
53,Fast,Medium,Good,0.38863094560710276
54,Fast,High,Poor,0.6731113481245287
55,Moderate,Low,Average,0.47299059369815266
56,Moderate,High,Poor,0.9747600813361953
57,Fast,Medium,Average,0.8635568029983097
58,Fast,Low,Good,0.35000686847317874
59,Slow,High,Average,0.4527543377087401
60,Moderate,Medium,Good,0.7750818003391192
61,Moderate,Low,Good,0.8494699015836623
62,Fast,Low,Good,0.5088852551742458
63,Slow,High,Poor,0.4444409576714987
64,Slow,Low,Average,0.5354649496569541
65,Moderate,Medium,Poor,0.14278563666788469
66,Fast,Medium,Good,0.7178705805519285
67,Moderate,Medium,Poor,0.2937944706543275
68,Moderate,High,Average,0.7245579091588182
69,Moderate,Medium,Good,0.703199784775487
70,Fast,High,Good,0.7779094067485368
71,Moderate,Medium,Poor,0.37619046876962214
72,Moderate,High,Good,0.36176831192256587
73,Fast,Medium,Average,0.269439446303655
74,Slow,Low,Poor,0.7235345733310886
75,Slow,Medium,Poor,0.08437089643850504
76,Moderate,High,Poor,0.35999241877905785
77,Slow,High,Average,0.44233545805021546
78,Slow,Low,Poor,0.40869956227093396
79,Moderate,Low,Poor,0.03756622954398059
80,Fast,Medium,Average,0.26725868514706175
81,Slow,Medium,Average,0.7447507316299222
82,Slow,Medium,Poor,0.2862798621119409
83,Fast,Low,Good,0.6354279207029719
84,Fast,High,Average,0.41413151457909836
85,Slow,Medium,Poor,0.9993362799835043
86,Fast,High,Good,0.569230212091448
87,Moderate,Medium,Average,0.5405526753889242
88,Slow,Medium,Poor,0.3111947378040092
89,Fast,Low,Poor,0.5415969227984869
90,Fast,Low,Average,0.582144802814742
91,Fast,High,Good,0.5035135112979966
92,Slow,Medium,Poor,0.33836786592521584
93,Moderate,High,Poor,0.039417585120362975
94,Slow,Low,Good,0.9477695820321482
95,Moderate,High,Average,0.6005347682064148
96,Fast,Low,Good,0.24665644684477783
97,Fast,High,Average,0.5083554875645923
98,Moderate,Low,Good,0.27976693088704085
99,Moderate,Medium,Average,0.6487351388757342
100,Fast,Low,Average,0.14050730310859327
101,Moderate,Medium,Good,0.3295304137739967
102,Fast,Medium,Poor,0.6842090751884866
103,Fast,Medium,Poor,0.5830676844221436
104,Slow,High,Average,0.41373289758032983
105,Slow,Low,Average,0.20827767515354578
106,Fast,Low,Good,0.199156897597067
107,Moderate,Low,Good,0.7619343757430971
108,Moderate,Medium,Good,0.1373033751416044
109,Moderate,Medium,Average,0.10290508834200063
110,Slow,Medium,Poor,0.26828720042777265
111,Moderate,Medium,Good,0.941278928906798
112,Slow,Low,Average,0.562144753827585
113,Slow,High,Poor,0.9544227803210739
114,Slow,Medium,Average,0.7136520744937427
115,Fast,High,Average,0.5952768411040545
116,Moderate,Medium,Good,0.6223759314731742
117,Slow,High,Good,0.5516879678064617
118,Moderate,Medium,Good,0.09468099050479506
119,Moderate,Medium,Good,0.9066532969519989
120,Fast,Medium,Poor,0.7212244674989166
121,Fast,Medium,Average,0.9818971400352456
122,Moderate,Low,Good,0.26804718737863775
123,Moderate,Low,Good,0.07055006370989458
124,Fast,Low,Good,0.6579499112045923
125,Moderate,High,Average,0.7964517695378094
126,Slow,Medium,Good,0.9246586095822468
127,Slow,Low,Average,0.7496142843877734
128,Fast,High,Average,0.3597894133819296
129,Fast,High,Average,0.11238593229152583
130,Moderate,High,Good,0.16367566372972786
131,Slow,Low,Average,0.7059852660508185
132,Fast,Low,Poor,0.9660214591302085
133,Slow,High,Poor,0.14522501991524905
134,Moderate,Low,Poor,0.20117523228887946
135,Slow,High,Average,0.8411073089388701
136,Slow,High,Good,0.28676687755788366
137,Slow,Low,Good,0.3488704166052904
138,Slow,High,Poor,0.8455108108405605
139,Fast,High,Good,0.8546750413842635
140,Moderate,Low,Good,0.7271628097401385
141,Fast,Low,Good,0.7372192235713048
142,Fast,Low,Average,0.9597837864377148
143,Fast,Low,Poor,0.9985608065856286
144,Fast,High,Average,0.35946462185394357
145,Slow,Medium,Poor,0.9016312294863601
146,Moderate,Low,Average,0.07541217599278827
147,Fast,High,Average,0.4996832302829042
148,Fast,High,Average,0.6069731162742654
149,Moderate,Medium,Poor,0.558953240270377
150,Slow,Medium,Good,0.9792632914045163
151,Slow,High,Poor,0.5027834418466806
152,Moderate,Medium,Good,0.33410465208656326
153,Slow,Low,Poor,0.008495578607209509
154,Moderate,Low,Average,0.2852117446533321
155,Slow,High,Average,0.7549325397850504
156,Slow,Medium,Poor,0.5936485851073608
157,Slow,Low,Average,0.5769361233448397
158,Slow,Medium,Poor,0.5601159830093484
159,Slow,High,Poor,0.7475129705824768
160,Fast,Low,Average,0.169422402093247
161,Slow,Low,Average,0.7068035962105051
162,Slow,High,Poor,0.6621118258081792
163,Moderate,High,Average,0.08661976085469403
164,Moderate,Medium,Average,0.3396926184795871
165,Slow,Low,Poor,0.19106213934635818
166,Fast,Low,Average,0.30166224163114885
167,Fast,High,Good,0.4828785341158436
168,Fast,High,Average,0.029123784989105284
169,Slow,High,Poor,0.44635457942992596
170,Slow,Low,Good,0.36602826574651526
171,Fast,Low,Poor,0.4747211271282129
172,Moderate,High,Average,0.8996005947632358
173,Fast,High,Good,0.08674863550138157
174,Slow,Low,Poor,0.036340748316242455
175,Moderate,Medium,Average,0.6627857327436636
176,Slow,Low,Good,0.5016991660064248
177,Fast,Medium,Poor,0.6518680936476059
178,Fast,Medium,Poor,0.8183606413952167
179,Moderate,Medium,Good,0.3456569355418593
180,Moderate,High,Good,0.4120177389516564
181,Fast,Low,Poor,0.5246723066856223
182,Moderate,Low,Good,0.5873698685755769
183,Slow,Medium,Average,0.7563560547436343
184,Fast,High,Good,0.6974478281643061
185,Fast,High,Good,0.2630800299241908
186,Moderate,Medium,Good,0.8922379155381064
187,Moderate,High,Good,0.8649949762077763
188,Slow,Medium,Average,0.5211737249135375
189,Fast,Medium,Average,0.1349784860716421
190,Fast,Low,Average,0.35900076807926373
191,Fast,Medium,Poor,0.746452128857114
192,Fast,Low,Good,0.9326396937999291
193,Moderate,Low,Average,0.27914413322230447
194,Moderate,Low,Good,0.06325340889867959
195,Fast,High,Poor,0.6074717539085692
196,Slow,Medium,Average,0.04343335723563746
197,Moderate,Medium,Poor,0.23318755442161632
198,Fast,High,Good,0.5170062832097087
199,Slow,Medium,Average,0.37265712989414723
200,Slow,High,Good,0.0727362617771965
201,Fast,Medium,Average,0.4152614375728205
202,Moderate,Medium,Average,0.7408832067219855
203,Fast,Low,Poor,0.8088585390335653
204,Moderate,Low,Average,0.02485951591579416
205,Fast,High,Poor,0.40640628680099544
206,Moderate,Low,Poor,0.9299217631456648
207,Slow,High,Poor,0.0985468514129424
208,Slow,Medium,Average,0.8237444619122997
209,Fast,High,Poor,0.15396323866650385
210,Moderate,High,Good,0.4686018101215098
211,Slow,High,Poor,0.8888550983934195
212,Moderate,Low,Poor,0.5960639311005951
213,Moderate,Medium,Average,0.01728804476336321
214,Slow,Low,Average,0.8072616493262504
215,Moderate,High,Poor,0.41663603741375055
216,Slow,Low,Poor,0.1778797954606286
217,Slow,High,Average,0.14284590759192373
218,Moderate,High,Poor,0.5701872157998045
219,Slow,High,Poor,0.7373729720306713
220,Moderate,Low,Poor,0.07407490721044774
221,Fast,High,Poor,0.7249311975196192
222,Moderate,Medium,Poor,0.5873477912430279
223,Fast,Low,Good,0.8368634222265923
224,Fast,Medium,Good,0.46520543312167106
225,Slow,Low,Poor,0.1597494602339442
226,Moderate,Low,Good,0.972522495633662
227,Moderate,Low,Average,0.9750871697076813
228,Slow,High,Average,0.2872413479748408
229,Slow,Medium,Average,0.603404212220246
230,Fast,Medium,Average,0.015022541980566295
231,Fast,Medium,Average,0.05474498225959512
232,Moderate,Low,Good,0.5523214973742779
233,Fast,Low,Average,0.7783392290675587
234,Moderate,Medium,Poor,0.5505453006199955
235,Slow,Medium,Average,0.12495656608401806
236,Slow,Low,Poor,0.46738733544792543
237,Slow,High,Good,0.31284462800566815
238,Fast,Low,Poor,0.09868522775992061
239,Moderate,High,Average,0.36522792625688194
240,Slow,High,Good,0.8181041683217484
241,Slow,Medium,Poor,0.5648414367174266
242,Moderate,Low,Average,0.05207240622126974
243,Slow,High,Poor,0.508683950684079
244,Slow,Medium,Average,0.859502975624898
245,Slow,Medium,Good,0.8001526483917506
246,Moderate,High,Average,0.9657704438842871
247,Moderate,Medium,Average,0.05992515532108145
248,Moderate,Low,Poor,0.2899247626330286
249,Moderate,Low,Good,0.511525640809493
250,Moderate,Medium,Poor,0.15652921341574122
251,Fast,Medium,Good,0.6704466652825093
252,Fast,Low,Average,0.16695017903446918
253,Moderate,Medium,Average,0.5144524344015394
254,Moderate,High,Good,0.4162849285443547
255,Slow,Low,Average,0.07173534374742496
256,Moderate,High,Good,0.9084101072685695
257,Slow,High,Poor,0.10724683349584607
258,Slow,High,Average,0.9920747645913562
259,Fast,High,Average,0.2261515998021184
260,Slow,High,Good,0.07771241839172549
261,Slow,High,Good,0.39283907648140237
262,Moderate,Medium,Poor,0.9579793532488906
263,Fast,Low,Poor,0.7328383372724155
264,Moderate,Medium,Good,0.4346781483164702
265,Moderate,Medium,Average,0.7687641807211604
266,Slow,Low,Poor,0.20588731076659939
267,Fast,High,Average,0.9431958496934507
268,Fast,Medium,Average,0.1062785115705358
269,Slow,High,Average,0.659357387278844
270,Slow,High,Poor,0.9300053777910726
271,Fast,Medium,Average,0.4834022365230042
272,Fast,Medium,Average,0.8015394607190754
273,Moderate,Medium,Poor,0.22971628368323171
274,Fast,High,Good,0.26251029048316565
275,Fast,Medium,Poor,0.2740831956409957
276,Moderate,High,Poor,0.48306624519330266
277,Slow,Low,Good,0.9270041601014083
278,Slow,High,Average,0.1727573182810873
279,Fast,Medium,Good,0.8121795872927515
280,Fast,Low,Good,0.03955750656261314
281,Slow,Low,Poor,0.7219831469516448
282,Moderate,Medium,Average,0.09352012359790951
283,Moderate,High,Good,0.44569179024674643
284,Slow,Medium,Poor,0.3827291913177713
285,Moderate,Medium,Poor,0.8119677423908017
286,Slow,Medium,Poor,0.004712425522241159
287,Fast,Low,Poor,0.8822350810207651
288,Moderate,Low,Average,0.8824951050681364
289,Moderate,Low,Good,0.44677215883960686
290,Fast,Low,Average,0.5407656313005429
291,Slow,Low,Good,0.37509940531834995
292,Slow,High,Average,0.3997195509744276
293,Fast,High,Average,0.2981503562765556
294,Moderate,High,Average,0.9028293070359646
295,Slow,Medium,Good,0.47081641936589813
296,Moderate,Medium,Average,0.6426279352109316
297,Slow,Medium,Good,0.16747049055004248
298,Moderate,Low,Average,0.13246895401785475
299,Fast,Medium,Average,0.5366075092637743
300,Slow,Medium,Poor,0.8425345083518017
301,Fast,Low,Good,0.04028130673398034
302,Moderate,Low,Poor,0.24071258566350673
303,Moderate,High,Average,0.15963275677344013
304,Moderate,High,Poor,0.4556256153552002
305,Moderate,Low,Good,0.6215073111380841
306,Fast,Low,Good,0.3919980438891485
307,Slow,High,Good,0.3506426914571469
308,Slow,High,Good,0.8358884081262424
309,Fast,Medium,Poor,0.25048294674976346
310,Moderate,Low,Good,0.6066615297758677
311,Fast,High,Good,0.8656450363727319
312,Slow,Low,Good,0.3564047358496647
313,Slow,Medium,Poor,0.30973324894601206
314,Fast,Low,Poor,0.6038030788437534
315,Slow,High,Good,0.732700183870807
316,Slow,High,Poor,0.28428828909545933
317,Moderate,Low,Poor,0.44572982090286917
318,Moderate,Medium,Average,0.44863259161773417
319,Slow,High,Poor,0.7839718505055895
320,Slow,High,Poor,0.15061095306851913
321,Moderate,High,Poor,0.6882189194077358
322,Slow,Medium,Poor,0.1354945189288448
323,Fast,Low,Poor,0.30267921037875467
324,Fast,High,Poor,0.49044909673594994
325,Moderate,Low,Average,0.2469654124670625
326,Slow,Medium,Average,0.4601171832033255
327,Fast,Medium,Good,0.6770937847836443
328,Moderate,Low,Good,0.6009571949974972
329,Fast,Medium,Average,0.1548426816202274
330,Fast,High,Poor,0.013409453872123112
331,Fast,Medium,Good,0.22145089137324503
332,Slow,Low,Good,0.6374046122611835
333,Slow,Medium,Poor,0.008998657283255773
334,Fast,Low,Average,0.6481021272610714
335,Slow,High,Good,0.2830006354290777
336,Moderate,Low,Good,0.09093544991304114
337,Slow,Low,Good,0.35672316930890635
338,Fast,Low,Average,0.838352904049016
339,Fast,Medium,Good,0.88974899029538
340,Slow,Medium,Good,0.6134018465221711
341,Fast,High,Good,0.028191340447222157
342,Moderate,Medium,Poor,0.4159136542975095
343,Moderate,Low,Good,0.10509755021363831
344,Fast,High,Poor,0.5171179308569195
345,Fast,Low,Good,0.6925728000775818
346,Fast,High,Poor,0.12248141685029723
347,Moderate,High,Average,0.08243327201899076
348,Slow,Medium,Poor,0.47870172056933225
349,Moderate,High,Average,0.28266736054115904
350,Moderate,Medium,Average,0.1621833724078774
351,Moderate,Medium,Good,0.866855213027066
352,Slow,High,Good,0.7362539479604622
353,Moderate,High,Good,0.13257407748448236
354,Fast,Medium,Poor,0.7199595393694795
355,Moderate,Medium,Poor,0.07714437408606101
356,Fast,Low,Good,0.2805278218554009
357,Moderate,High,Average,0.5085274317735725
358,Moderate,High,Average,0.3144341058114054
359,Slow,Medium,Average,0.41093290496275825
360,Slow,High,Good,0.7111218170152859
361,Fast,Low,Good,0.45825331476504794
362,Moderate,Low,Poor,0.8178506634148325
363,Fast,High,Poor,0.7497257467835433
364,Fast,Medium,Poor,0.9916861403927356
365,Moderate,Medium,Poor,0.23362476364856655
366,Slow,Low,Good,0.7712248152904037
367,Moderate,Low,Good,0.47136648440784346
368,Moderate,Low,Poor,0.5019355807808606
369,Moderate,High,Good,0.4864050355361782
370,Moderate,Low,Poor,0.8097704038972623
371,Fast,High,Poor,0.22455946926889636
372,Fast,Medium,Average,0.7343099889831075
373,Fast,Medium,Good,0.5183996266330652
374,Moderate,Low,Poor,0.29334862667008954
375,Slow,High,Good,0.40663652688497043
376,Fast,Medium,Good,0.45631682055096234
377,Slow,High,Poor,0.509113385187522
378,Moderate,Low,Good,0.5657473065511459
379,Slow,Low,Good,0.9122545611011557
380,Slow,High,Average,0.43868470289979355
381,Slow,Medium,Average,0.2551822287742307
382,Slow,Low,Average,0.1100177211275436
383,Moderate,Medium,Good,0.009310290762353679
384,Slow,High,Average,0.5438779211611176
385,Fast,Low,Good,0.695881574368485
386,Moderate,Medium,Poor,0.4340488684781807
387,Moderate,High,Average,0.6954106709697243
388,Slow,Medium,Average,0.6685466951139853
389,Fast,High,Average,0.16912486264417803
390,Slow,Low,Poor,0.8332096879578015
391,Moderate,Medium,Good,0.32066275473643224
392,Moderate,Low,Good,0.9830199980763584
393,Slow,Low,Poor,0.25629237536921756
394,Moderate,Low,Average,0.40879301727117257
395,Moderate,High,Average,0.07965392762042289
396,Fast,Medium,Average,0.4456388008221619
397,Moderate,Low,Average,0.9639160120731884
398,Moderate,High,Average,0.4301759084443132
399,Moderate,Low,Average,0.4315843291175092
400,Slow,Low,Poor,0.6060138319360813
401,Moderate,Low,Average,0.10456286475434151
402,Slow,Low,Good,0.82483715939574
403,Slow,Low,Poor,0.9484251555414929
404,Slow,Low,Average,0.10613001930901944
405,Slow,Low,Average,0.9782654635294741
406,Slow,High,Good,0.3641210568415054
407,Moderate,Low,Poor,0.4303164280423909
408,Slow,Low,Poor,0.040585712134695084
409,Moderate,High,Good,0.29757071644081545
410,Slow,Medium,Poor,0.9668655502933936
411,Fast,Low,Good,0.3625832125946771
412,Moderate,Low,Average,0.6068265635885829
413,Moderate,Low,Poor,0.24599974030679517
414,Slow,Medium,Poor,0.4026712082539978
415,Fast,Medium,Good,0.19378913002335485
416,Moderate,Low,Average,0.2363365902687512
417,Moderate,High,Poor,0.188385009334873
418,Fast,Low,Poor,0.3523088842091783
419,Moderate,High,Good,0.19505472223636333
420,Slow,High,Good,0.9440412782809274
421,Moderate,Medium,Good,0.4893227474751214
422,Slow,High,Average,0.12292187999897275
423,Moderate,Medium,Poor,0.7066425217489339
424,Fast,High,Poor,0.6457592922613059
425,Fast,Low,Average,0.0759935063158318
426,Fast,Medium,Poor,0.9457747170084609
427,Moderate,High,Average,0.2341990597880902
428,Slow,High,Poor,0.19454796969991128
429,Moderate,Low,Poor,0.8556436641449466
430,Fast,Low,Good,0.6741869488296138
431,Fast,Medium,Average,0.29833774358749876
432,Slow,High,Good,0.3627671331374759
433,Slow,High,Good,0.0892221680572386
434,Slow,Medium,Average,0.9871000859241166
435,Fast,Medium,Average,0.6189351627634337
436,Fast,Low,Average,0.9758708627835366
437,Slow,Medium,Good,0.649863921702575
438,Slow,Medium,Average,0.5365781900286203
439,Slow,High,Good,0.12857957851166912
440,Moderate,Medium,Good,0.24990172163688984
441,Moderate,Low,Good,0.1505445880622247
442,Moderate,Medium,Average,0.36361144919006383
443,Fast,High,Average,0.33273415398385553
444,Slow,Low,Good,0.4241850557459762
445,Fast,Low,Poor,0.8251348756614191
446,Slow,Medium,Good,0.30476091279732576
447,Slow,Low,Average,0.6162540405708125
448,Fast,Low,Average,0.6531367332918554
449,Fast,Low,Good,0.10061997722259008
450,Fast,Medium,Good,0.8878729318513303
451,Fast,Medium,Poor,0.46010262655768797
452,Slow,Medium,Good,0.8175653295445969
453,Slow,High,Good,0.2107066650749062
454,Slow,Low,Poor,0.03517463153159661
455,Slow,Medium,Average,0.07514295317758657
456,Moderate,Medium,Good,0.9556394617234216
457,Fast,High,Poor,0.7606065813900618
458,Slow,Low,Good,0.19510882002421004
459,Moderate,Low,Average,0.2678735828174408
460,Fast,Low,Poor,0.9989046997630767
461,Fast,Low,Poor,0.3204868976555473
462,Moderate,Low,Average,0.36727770128070925
463,Slow,High,Average,0.9014468295383795
464,Slow,Low,Average,0.8366202103676581
465,Fast,High,Average,0.6981738607149051
466,Slow,Low,Poor,0.038363861355701134
467,Fast,Low,Average,0.6988336704460328
468,Moderate,Medium,Poor,0.8715518564582477
469,Fast,High,Average,0.05421174420599306
470,Slow,High,Good,0.71645298155879
471,Slow,Low,Average,0.420896528759226
472,Slow,High,Poor,0.807477935651909
473,Fast,Medium,Poor,0.3368477014471527
474,Moderate,Medium,Poor,0.07257479804471079
475,Slow,Low,Poor,0.6687532544498137
476,Moderate,Low,Poor,0.27623894162314355
477,Moderate,Medium,Average,0.9463786533583709
478,Fast,Medium,Average,0.5614779437366768
479,Slow,Low,Good,0.9616020255748788
480,Moderate,High,Average,0.8205764393338497
481,Moderate,Low,Average,0.7839285884528
482,Fast,Medium,Poor,0.6577887800361861
483,Moderate,Medium,Poor,0.6126843446746072
484,Slow,Medium,Poor,0.6404832931422122
485,Fast,High,Poor,0.11927167203974343
486,Fast,Medium,Good,0.45615874111982246
487,Slow,High,Average,0.8307673885947606
488,Slow,Low,Poor,0.06121665814357202
489,Moderate,Medium,Poor,0.16682970495026284
490,Moderate,Low,Poor,0.2525860066847242
491,Moderate,High,Good,0.9456735370508046
492,Moderate,Low,Good,0.25523243434428344
493,Slow,Low,Good,0.5078974160033809
494,Moderate,Medium,Average,0.6637916239414441
495,Fast,Low,Good,0.5003051563545148
496,Fast,Low,Average,0.7331530231065854
497,Moderate,High,Average,0.7067185770445601
498,Moderate,High,Poor,0.4881044471013777
499,Fast,Low,Good,0.3943411463506643
500,Slow,Low,Poor,0.7056593338739465
501,Slow,Low,Average,0.8246263528008929
502,Slow,Low,Average,0.9439959067106114
503,Slow,High,Average,0.9975825929459724
504,Slow,High,Average,0.2094067139499336
505,Fast,Medium,Poor,0.7348505204996011
506,Fast,High,Average,0.7865258871035913
507,Fast,Low,Good,0.3201811674284386
508,Slow,High,Good,0.6247953987187252
509,Moderate,Low,Good,0.6025113635747287
510,Slow,High,Poor,0.8406036227731919
511,Moderate,High,Poor,0.32053616680649555
512,Slow,Low,Good,0.4380336566976468
513,Slow,Low,Good,0.6906227420813416
514,Slow,Medium,Average,0.37287650920217785
515,Slow,Low,Average,0.9011776232173556
516,Fast,High,Poor,0.6032221356579637
517,Moderate,Medium,Good,0.8378732701193627
518,Fast,High,Good,0.32662190574800876
519,Slow,Low,Good,0.5570068063131286
520,Moderate,Low,Poor,0.33269017969267
521,Moderate,High,Poor,0.1647177469429809
522,Slow,High,Average,0.20015421124936683
523,Slow,Medium,Average,0.14745300926617955
524,Moderate,High,Poor,0.8119091149599047
525,Slow,Low,Poor,0.6693854236698692
526,Slow,Low,Good,0.8499374914047237
527,Fast,High,Poor,0.2990126796093461
528,Moderate,Low,Average,0.2774267348009791
529,Slow,Medium,Average,0.8709675998625426
530,Fast,Low,Poor,0.17461091698226194
531,Fast,Medium,Good,0.9863281735601263
532,Moderate,Medium,Good,0.5227306780568546
533,Slow,Low,Poor,0.05343460239101716
534,Fast,High,Good,0.5796324582018182
535,Fast,High,Poor,0.49924290752477474
536,Moderate,High,Good,0.311703321492812
537,Moderate,Low,Poor,0.07235725774132662
538,Slow,High,Good,0.8824701949431355
539,Fast,High,Poor,0.6781225015366464
540,Fast,Low,Average,0.8975621934531601
541,Slow,Low,Poor,0.09998524748377668
542,Moderate,High,Good,0.3552896432193188
543,Fast,High,Good,0.006525410428886991
544,Moderate,High,Good,0.8407850719391146
545,Slow,Low,Average,0.4371720495601772
546,Moderate,Medium,Average,0.07237639319412248
547,Slow,High,Good,0.6952584007554335
548,Moderate,Low,Poor,0.985524133255218
549,Moderate,High,Poor,0.005348988694222845
550,Moderate,Low,Average,0.13972056697895407
551,Fast,High,Poor,0.9336789061329351
552,Fast,Medium,Good,0.0007895110932187865
553,Moderate,Medium,Good,0.633849818735324
554,Slow,Medium,Good,0.7269779195284309
555,Moderate,Low,Average,0.805857705334062
556,Fast,Medium,Poor,0.44475589820201256
557,Slow,Medium,Average,0.6623718599127535
558,Slow,Low,Poor,0.8893187599283195
559,Moderate,Low,Average,0.7483752494281826
560,Moderate,Low,Poor,0.6026699609445051
561,Moderate,High,Poor,0.3915370996016292
562,Slow,Low,Good,0.624700669406608
563,Moderate,High,Good,0.10294614470028618
564,Fast,High,Average,0.46997843465779443
565,Moderate,Low,Poor,0.3244382286350662
566,Moderate,High,Good,0.7495164151567807
567,Slow,High,Average,0.8972984957497385
568,Slow,Medium,Average,0.6324722024114774
569,Slow,High,Good,0.48921624868809066
570,Fast,Medium,Average,0.500297874393992
571,Slow,Low,Good,0.5489325244993376
572,Slow,Medium,Good,0.9339513385827183
573,Slow,High,Average,0.8558229071239036
574,Slow,High,Average,0.26935970066353776
575,Fast,Low,Poor,0.6705405065060909
576,Fast,Low,Poor,0.990712558623105
577,Moderate,Medium,Good,0.02090951233523497
578,Slow,High,Poor,0.6150912873699883
579,Moderate,Low,Poor,0.22991837086163258
580,Slow,High,Average,0.9405373011029476
581,Slow,High,Good,0.6310341757120489
582,Moderate,Low,Average,0.41185228314449696
583,Moderate,Medium,Poor,0.8547406185919787
584,Fast,High,Poor,0.4368600365571266
585,Slow,Medium,Good,0.20620271590177885
586,Moderate,Low,Good,0.6618783880446912
587,Fast,Low,Average,0.6918639081608444
588,Slow,Medium,Average,0.4111489323401387
589,Fast,Medium,Poor,0.06724063405203662
590,Moderate,High,Poor,0.6145410182213155
591,Fast,Medium,Average,0.11846170509448184
592,Slow,Medium,Average,0.6979904714977925
593,Fast,High,Good,0.13524119124650136
594,Moderate,High,Poor,0.6614478166131011
595,Fast,High,Good,0.0553323871633461
596,Moderate,Low,Poor,0.3163754073876829
597,Moderate,Medium,Average,0.9844419535833683
598,Slow,High,Average,0.8392079530394589
599,Fast,High,Poor,0.32877428749259074
600,Slow,Medium,Good,0.5435955749112921
601,Moderate,Medium,Poor,0.04476838868848687
602,Moderate,Medium,Good,0.09382187239544315
603,Fast,High,Poor,0.8226479271938894
604,Fast,High,Average,0.3166024348274129
605,Moderate,Low,Poor,0.27523610593112247
606,Fast,Low,Average,0.48301185554837867
607,Fast,Low,Average,0.4904544085197847
608,Fast,Low,Good,0.5770204016905583
609,Fast,High,Good,0.7589957624907276
610,Fast,Low,Good,0.3095593015130734
611,Slow,High,Good,0.08757557341617472
612,Fast,Medium,Good,0.5374937536732345
613,Slow,High,Poor,0.6090289447069158
614,Slow,Low,Average,0.1212648933591367
615,Fast,Low,Average,0.6478370386082265
616,Fast,Medium,Good,0.9403970339455442
617,Fast,Low,Average,0.8634914504628183
618,Fast,Low,Average,0.7281833571884823
619,Fast,Low,Good,0.2625086042665441
620,Fast,High,Good,0.35137896675810865
621,Slow,Medium,Good,0.47535906768086855
622,Fast,Medium,Average,0.9012592077965633
623,Slow,Low,Poor,0.9043811346655234
624,Slow,Medium,Average,0.7897617737346345
625,Fast,Low,Average,0.9502112058654302
626,Fast,Medium,Good,0.693297468551492
627,Moderate,High,Average,0.5298090570700541
628,Moderate,High,Good,0.15031062248396876
629,Moderate,Medium,Good,0.5864595123747977
630,Fast,Low,Poor,0.026158342323419848
631,Moderate,Medium,Poor,0.42033538919549895
632,Moderate,Low,Good,0.08438794789498705
633,Slow,Medium,Good,0.9058493899993058
634,Fast,High,Poor,0.3520165825018783
635,Slow,Low,Poor,0.7317052727231516
636,Fast,Medium,Good,0.6154909596667192
637,Fast,High,Good,0.21972275011039688
638,Moderate,Low,Good,0.838971096674068
639,Slow,Medium,Poor,0.13698222230952783
640,Moderate,Medium,Poor,0.2740117803855475
641,Moderate,Medium,Poor,0.9611182680216402
642,Fast,High,Good,0.9084375478722649
643,Slow,Medium,Average,0.6872830044131277
644,Slow,Low,Average,0.10195254958027744
645,Fast,Low,Average,0.6935098370463204
646,Fast,Medium,Poor,0.6728550378096911
647,Slow,Low,Good,0.5221264934321769
648,Fast,Medium,Average,0.6177269240617943
649,Moderate,Low,Average,0.49786918051431917
650,Fast,Medium,Poor,0.4544223191595411
651,Fast,Medium,Average,0.8262173757752201
652,Slow,Low,Good,0.8060967479607475
653,Moderate,High,Average,0.7938956551945168
654,Slow,High,Poor,0.09896862340870682
655,Moderate,High,Average,0.3464692870786672
656,Fast,Low,Poor,0.2682760204535567
657,Moderate,Medium,Good,0.10226428099711604
658,Slow,Medium,Poor,0.7075228189780428
659,Fast,Low,Good,0.4390414888211479
660,Fast,Low,Poor,0.9602663584920665
661,Fast,Low,Poor,0.3583625356578285
662,Slow,Low,Average,0.5518287335341685
663,Fast,Medium,Good,0.16975849820713584
664,Slow,Low,Average,0.4811256918168456
665,Slow,Low,Average,0.2408780637054827
666,Fast,Medium,Poor,0.7327234154133065
667,Slow,High,Good,0.28249872662096454
668,Moderate,Medium,Good,0.5328764346967474
669,Moderate,Low,Poor,0.31378214330572873
670,Slow,Low,Average,0.10551364640120109
671,Fast,Low,Good,0.7296784136472413
672,Moderate,Medium,Average,0.37260510357707977
673,Moderate,Low,Average,0.1344901064955023
674,Slow,High,Average,0.19105186870868285
675,Moderate,High,Poor,0.24756450814178466
676,Moderate,Medium,Average,0.38615591859382115
677,Fast,High,Average,0.19854285886820167
678,Moderate,Medium,Average,0.7704117870686438
679,Moderate,Medium,Average,0.9737425820384935
680,Slow,Medium,Average,0.3310162594948949
681,Moderate,High,Poor,0.2421834455937677
682,Moderate,Low,Average,0.9893406378396238
683,Slow,High,Good,0.6549411045673216
684,Slow,High,Average,0.12693605767417637
685,Moderate,Low,Poor,0.03232326532609031
686,Moderate,Low,Average,0.5611511466719561
687,Moderate,Low,Average,0.06353572242391858
688,Slow,Low,Poor,0.5389808744501206
689,Moderate,Medium,Poor,0.7035283401815304
690,Fast,Medium,Average,0.5511413361947338
691,Slow,Medium,Average,0.3037238516318258
692,Fast,High,Good,0.2522528338551704
693,Fast,Medium,Poor,0.19675877767165562
694,Fast,High,Good,0.7120079611981627
695,Moderate,High,Average,0.7832900924388664
696,Slow,High,Average,0.4914072634326684
697,Slow,Low,Poor,0.3763118169549976
698,Fast,Medium,Good,0.8057047924812035
699,Moderate,High,Poor,0.19479380264392676
700,Moderate,Medium,Good,0.29845066114776053
701,Slow,Medium,Poor,0.23600793032371203
702,Fast,High,Poor,0.05640135776079047
703,Fast,High,Poor,0.0018120338692516613
704,Slow,Low,Average,0.2888099699540896
705,Slow,High,Poor,0.9361255715401346
706,Moderate,Medium,Good,0.8733914579092193
707,Slow,Medium,Poor,0.12025098657073463
708,Moderate,Low,Average,0.316684356016926
709,Slow,Low,Good,0.683592425221869
710,Fast,High,Poor,0.9369492539086954
711,Slow,Medium,Poor,0.7710383702448548
712,Slow,Low,Good,0.46758894849876675
713,Fast,Medium,Good,0.76075930838695
714,Slow,Low,Poor,0.3669981472682208
715,Moderate,High,Average,0.9786540813379649
716,Slow,Medium,Poor,0.8712769881211572
717,Moderate,Medium,Good,0.2492037705912873
718,Fast,Low,Average,0.5513173906628142
719,Moderate,High,Good,0.7614588334361586
720,Fast,Medium,Good,0.3132760111381787
721,Fast,Low,Poor,0.5904261031078913
722,Moderate,Low,Good,0.9092323764615015
723,Moderate,Medium,Average,0.005314169154862047
724,Moderate,Medium,Average,0.41174766759024317
725,Moderate,High,Poor,0.35991403621536344
726,Slow,Low,Good,0.9132059618141724
727,Fast,Medium,Average,0.20423862056986442
728,Slow,Medium,Poor,0.9810294891150761
729,Slow,Low,Average,0.18345788475886504
730,Moderate,High,Good,0.013949018691911452
731,Fast,Low,Poor,0.6960314069891137
732,Moderate,Medium,Average,0.4947542404357036
733,Slow,Medium,Poor,0.5206553537341115
734,Moderate,High,Good,0.14110964833264927
735,Slow,Low,Average,0.33555720169665715
736,Slow,High,Good,0.3293780670342177
737,Moderate,High,Good,0.12756815136428423
738,Slow,Medium,Average,0.07451046181864007
739,Fast,Low,Average,0.43695486108369774
740,Slow,Low,Poor,0.8363842356312257
741,Moderate,High,Poor,0.6444231696298166
742,Moderate,Medium,Poor,0.02028031489458082
743,Moderate,Low,Average,0.708676719965507
744,Fast,Low,Poor,0.20113654259037728
745,Moderate,High,Good,0.7583026172105185
746,Fast,High,Good,0.47675387550832815
747,Moderate,Medium,Poor,0.8602532863997043
748,Fast,Medium,Good,0.3814153437833565
749,Slow,High,Average,0.8577655483724422
750,Fast,High,Poor,0.6962214361212724
751,Slow,Medium,Poor,0.0650007889488885
752,Fast,Low,Poor,0.8642306022615571
753,Fast,High,Average,0.17712145760241949
754,Slow,Medium,Poor,0.43180510078591205
755,Moderate,Low,Good,0.28459579453591843
756,Fast,Low,Average,0.607959350832342
757,Moderate,High,Poor,0.1797978134950754
758,Fast,Medium,Poor,0.8798104357196852
759,Fast,Medium,Good,0.09805784856245758
760,Slow,Medium,Good,0.8341386605235851
761,Moderate,Low,Average,0.3480269631887193
762,Slow,Low,Poor,0.05168567991113182
763,Slow,Low,Poor,0.36177000577298
764,Moderate,Low,Poor,0.7039134261281078
765,Moderate,Low,Poor,0.6183463070454575
766,Moderate,High,Poor,0.4760587695019969
767,Fast,Medium,Poor,0.7435442696372946
768,Fast,Medium,Average,0.2937618730273863
769,Fast,High,Good,0.160603146429649
770,Fast,Medium,Poor,0.17067743530223367
771,Fast,High,Poor,0.2579395067869006
772,Moderate,Low,Poor,0.4703715673848665
773,Moderate,High,Poor,0.08963177330461791
774,Fast,High,Good,0.7881597881357064
775,Fast,Medium,Good,0.2754579101381702
776,Fast,Low,Poor,0.3170009697343039
777,Fast,Low,Poor,0.5383841868964332
778,Fast,Low,Average,0.0037196608180591895
779,Slow,Medium,Good,0.0015846444663401016
780,Fast,Low,Good,0.997131894158366
781,Fast,High,Good,0.13351555135281956
782,Fast,High,Poor,0.14986279888655163
783,Slow,Medium,Average,0.011526014052985256
784,Fast,Medium,Good,0.6979717909236136
785,Slow,Low,Poor,0.19908231282795774
786,Fast,Low,Poor,0.8624341301411569
787,Moderate,Low,Good,0.3338149117092374
788,Fast,High,Good,0.0718145837639157
789,Fast,Low,Poor,0.6540230776587604
790,Slow,Medium,Poor,0.5876901275598189
791,Slow,Medium,Average,0.8586720549294962
792,Moderate,Low,Average,0.673516786817259
793,Slow,High,Good,0.4415472888798304
794,Slow,High,Poor,0.1978244288413229
795,Slow,Low,Good,0.6856030665448744
796,Slow,Medium,Good,0.6387261822492196
797,Slow,Medium,Poor,0.43677716932331967
798,Fast,High,Good,0.01526483964602976
799,Slow,Medium,Poor,0.9078158577774044
800,Fast,Low,Average,0.08520047755966198
801,Slow,Medium,Poor,0.1556479927615908
802,Slow,Medium,Poor,0.2479324498058072
803,Slow,High,Poor,0.03558214579346264
804,Slow,High,Poor,0.018037909504644456
805,Moderate,Low,Poor,0.46865163699638523
806,Slow,Medium,Good,0.2875500394254432
807,Moderate,Low,Poor,0.17014274017715791
808,Slow,High,Good,0.30932422435822293
809,Moderate,Medium,Average,0.15336482741574564
810,Fast,Medium,Poor,0.11634844985740378
811,Moderate,Low,Poor,0.1855259752577192
812,Moderate,High,Good,0.6880305189519813
813,Slow,Low,Poor,0.4833920666821264
814,Fast,High,Poor,0.16277610102536877
815,Moderate,High,Poor,0.6613603936613057
816,Fast,Medium,Average,0.022504327428686466
817,Slow,High,Poor,0.6800460563742698
818,Slow,High,Good,0.01803200982523001
819,Slow,High,Poor,0.576967310468371
820,Moderate,High,Poor,0.28536138599785466
821,Slow,Medium,Poor,0.5858521224331683
822,Slow,Medium,Average,0.8593328197237516
823,Fast,Medium,Good,0.3736502963729842
824,Slow,High,Poor,0.09103631494544173
825,Moderate,Low,Poor,0.1670556694687857
826,Moderate,High,Average,0.5937057829514346
827,Fast,High,Poor,0.6641527650544821
828,Fast,Low,Poor,0.6838430306453614
829,Fast,High,Good,0.07918640910862584
830,Slow,Low,Good,0.20208316500792367
831,Slow,Medium,Average,0.28686687498279395
832,Moderate,Medium,Good,0.9993162681897128
833,Moderate,High,Poor,0.1728200514564523
834,Slow,Low,Average,0.1586371866495987
835,Fast,Low,Good,0.46354783925892185
836,Fast,High,Good,0.7759768498152423
837,Slow,Low,Good,0.6707472004717734
838,Fast,High,Average,0.4028900310500486
839,Fast,Low,Good,0.00866908984513104
840,Fast,Low,Poor,0.3477700976044378
841,Moderate,Low,Good,0.0013555244979488457
842,Slow,High,Average,0.8612322272603858
843,Moderate,Low,Average,0.6874648040497281
844,Slow,Low,Average,0.877489241731488
845,Fast,High,Poor,0.4235405772415082
846,Moderate,Medium,Good,0.23305318798485863
847,Moderate,Medium,Good,0.5114810467883832
848,Moderate,Low,Poor,0.9960127833822483
849,Fast,Low,Good,0.848417726430511
850,Moderate,Low,Poor,0.8623349164397316
851,Fast,High,Average,0.6742196324473969
852,Moderate,Low,Poor,0.542547862300646
853,Slow,Medium,Good,0.8089777496137086
854,Fast,High,Average,0.5048748150953071
855,Fast,High,Average,0.8271581484276234
856,Slow,Low,Poor,0.553490270198824
857,Slow,Medium,Poor,0.927206464790831
858,Slow,Medium,Poor,0.19695363020872136
859,Fast,Medium,Average,0.1120985103507588
860,Slow,Low,Good,0.3948007684629531
861,Moderate,Low,Average,0.43372370283142103
862,Moderate,High,Good,0.8988153748063467
863,Fast,Medium,Average,0.013076534174614851
864,Slow,High,Good,0.2522231342306188
865,Moderate,High,Average,0.13593274736732064
866,Fast,Medium,Good,0.06007316835498244
867,Fast,Medium,Good,0.7099330734342463
868,Fast,Low,Good,0.009241588405514367
869,Slow,High,Good,0.8816745102868724
870,Slow,Medium,Average,0.5854859383150356
871,Moderate,Medium,Good,0.2229500085577536
872,Moderate,Low,Average,0.6582837834261573
873,Moderate,High,Average,0.00592406545400237
874,Moderate,High,Good,0.5894708030932468
875,Fast,Low,Poor,0.8283781456016462
876,Moderate,Low,Poor,0.26263361236607363
877,Slow,Low,Good,0.8635465316714287
878,Moderate,Medium,Good,0.7235807004399809
879,Moderate,Medium,Average,0.8329316483929149
880,Fast,Medium,Good,0.8452255581607399
881,Slow,Low,Poor,0.9006660841086284
882,Slow,Low,Average,0.22006625478469177
883,Slow,Medium,Good,0.40381100524749924
884,Moderate,High,Poor,0.15296187060574373
885,Moderate,Low,Good,0.4806701123050767
886,Moderate,Low,Good,0.08982575257208403
887,Slow,High,Good,0.41875899048265497
888,Moderate,High,Average,0.734073531005878
889,Slow,High,Poor,0.12357249059949049
890,Fast,High,Average,0.7479236513114172
891,Moderate,Low,Average,0.8320947360831149
892,Moderate,Medium,Good,0.23049483735152088
893,Fast,Low,Average,0.49187595946082374
894,Fast,Medium,Poor,0.8060117104884844
895,Fast,Low,Average,0.5903809652038607
896,Slow,Low,Poor,0.12718118921688693
897,Moderate,Low,Poor,0.9076163862252272
898,Fast,High,Good,0.5562363940257727
899,Fast,Medium,Poor,0.33916453252503376
900,Slow,Low,Average,0.7728739363818531
901,Fast,Medium,Average,0.8578891852462399
902,Moderate,Low,Poor,0.43584835951360823
903,Fast,High,Poor,0.11704507270632614
904,Fast,Low,Good,0.6681806619579052
905,Slow,Low,Average,0.6275560238706465
906,Moderate,High,Average,0.12654531119637724
907,Slow,Low,Good,0.49267433031100294
908,Moderate,High,Average,0.5521608269710124
909,Moderate,Medium,Poor,0.521934964064577
910,Moderate,Low,Good,0.40195192461521956
911,Fast,Medium,Average,0.6202886525885849
912,Slow,Low,Good,0.3572419681701362
913,Fast,High,Poor,0.6273170783579646
914,Moderate,High,Average,0.1367222763734658
915,Fast,Low,Poor,0.39145427079447115
916,Slow,Low,Good,0.4107004005865431
917,Fast,Medium,Average,0.779960460540393
918,Slow,High,Good,0.29244180458951574
919,Moderate,Low,Poor,0.35230235437675994
920,Slow,Medium,Average,0.00836565998414418
921,Moderate,Medium,Poor,0.933113221168653
922,Moderate,Medium,Poor,0.6526134017473535
923,Moderate,Low,Poor,0.4702962226915748
924,Fast,Low,Poor,0.9202723688024077
925,Moderate,Medium,Good,0.4200722952521643
926,Fast,Medium,Poor,0.4542278238068692
927,Fast,Medium,Average,0.8610088213080136
928,Moderate,Medium,Good,0.6952296557477357
929,Fast,High,Poor,0.6918468799459682
930,Moderate,High,Good,0.1339748667497812
931,Fast,Medium,Poor,0.9168065780747764
932,Moderate,High,Good,0.09488423014757463
933,Moderate,High,Good,0.16956351857110907
934,Moderate,Low,Poor,0.4429140980419636
935,Slow,Low,Average,0.5464210123601028
936,Moderate,Medium,Average,0.6981169240835235
937,Fast,Medium,Average,0.1746500654553681
938,Fast,Low,Good,0.32208057531626577
939,Moderate,Low,Good,0.5272259782504833
940,Slow,Medium,Poor,0.33852663472683575
941,Moderate,High,Good,0.8718662458509447
942,Slow,Low,Average,0.9864140184828889
943,Moderate,High,Average,0.8050148801180702
944,Moderate,High,Poor,0.5140806956192732
945,Slow,Low,Good,0.11048362796806488
946,Slow,High,Good,0.615214896596914
947,Slow,Medium,Good,0.5943317339265958
948,Fast,Medium,Average,0.8474061349292366
949,Moderate,High,Poor,0.22742172872352928
950,Moderate,Medium,Good,0.20604856021288998
951,Moderate,Medium,Poor,0.686586502114433
952,Slow,Medium,Good,0.9643834187840377
953,Slow,High,Average,0.9292609751978921
954,Slow,High,Good,0.7815231295330671
955,Fast,Low,Average,0.5769591501209791
956,Moderate,Low,Good,0.005324190571064258
957,Fast,Medium,Poor,0.8751209923824944
958,Moderate,Medium,Average,0.8514844493139939
959,Moderate,Medium,Good,0.7849556152865075
960,Fast,High,Good,0.450536539067076
961,Moderate,Low,Poor,0.775160928528937
962,Slow,Low,Poor,0.7362798987834215
963,Moderate,Medium,Good,0.5494895735118204
964,Slow,High,Poor,0.39397782891724353
965,Slow,Low,Poor,0.6938453862722663
966,Moderate,Low,Good,0.37252745280279487
967,Slow,High,Poor,0.6486950425330354
968,Moderate,High,Good,0.011389668088552796
969,Fast,Medium,Good,0.9426097101586556
970,Moderate,Low,Poor,0.4586579594923703
971,Slow,High,Poor,0.558729443524539
972,Fast,Low,Poor,0.790773063732034
973,Slow,Medium,Poor,0.04122781399906039
974,Slow,Low,Poor,0.8521477478000117
975,Moderate,Low,Poor,0.40230953379146595
976,Slow,High,Poor,0.5795363691499811
977,Moderate,Medium,Poor,0.08389796062890931
978,Slow,Low,Poor,0.09011363293414454
979,Moderate,High,Average,0.8129284053939371
980,Moderate,High,Good,0.6838933547776769
981,Fast,High,Good,0.5335214309809838
982,Fast,Medium,Good,0.3819580190452688
983,Moderate,Medium,Good,0.1250782268163254
984,Fast,Medium,Average,0.24423370036407854
985,Fast,Low,Poor,0.45427072436042526
986,Slow,Medium,Average,0.8461191855551118
987,Slow,Medium,Poor,0.14528600974578665
988,Slow,Medium,Average,0.25683157456705863
989,Slow,High,Average,0.39722752956623253
990,Moderate,Medium,Average,0.9275613488190422
991,Fast,High,Average,0.8397647240386029
992,Fast,High,Poor,0.35778492584176624
993,Moderate,High,Average,0.29563833177963617
994,Fast,High,Good,0.8526661531017207
995,Fast,High,Average,0.25339810755937264
996,Slow,High,Good,0.13181037349745917
997,Moderate,Low,Good,0.5145269365822405
998,Fast,Medium,Good,0.36999888595997743
999,Fast,Medium,Good,0.04511587860145949
1000,Slow,Low,Poor,0.3379699792404788
1001,Slow,Medium,Good,0.754940200158329
1002,Moderate,Low,Poor,0.6250267878103289
1003,Moderate,Low,Good,0.6121586589432291
1004,Moderate,Low,Average,0.6014107220036113
1005,Fast,Low,Poor,0.4510892874668315
1006,Slow,High,Good,0.5196678964659299
1007,Moderate,Medium,Good,0.3243136638755806
1008,Moderate,High,Average,0.3509220949656795
1009,Slow,Low,Poor,0.4328015612263175
1010,Slow,Low,Good,0.7043529564721301
1011,Fast,High,Good,0.04182162378646537
1012,Fast,Medium,Good,0.6438939417732101
1013,Fast,High,Average,0.39772897562272236
1014,Moderate,Low,Good,0.8950667229362141
1015,Slow,Medium,Poor,0.7191780240519796
1016,Fast,Medium,Good,0.9505920130759383
1017,Slow,Low,Good,0.6792470013242746
1018,Moderate,Medium,Poor,0.7959131424201564
1019,Fast,Medium,Poor,0.3598825977545548
1020,Moderate,Medium,Average,0.961640492315304
1021,Moderate,Low,Average,0.4110471935560581
1022,Fast,Medium,Poor,0.06297140873370044
1023,Moderate,Medium,Good,0.5434698699813632
1024,Moderate,Medium,Poor,0.6408541364156
1025,Fast,Low,Average,0.21046174768321224
1026,Slow,Low,Poor,0.5569251023902065
1027,Moderate,Medium,Average,0.7691698695235875
1028,Slow,High,Poor,0.27699781845471605
1029,Fast,High,Poor,0.1320668107690408
1030,Fast,Medium,Poor,0.030293226479625623
1031,Moderate,High,Poor,0.2739148706299037
1032,Fast,Low,Average,0.5903131723250685
1033,Slow,High,Poor,0.19149340993080233
1034,Slow,Medium,Average,0.6761417886014571
1035,Moderate,Low,Average,0.9917788783346931
1036,Slow,Low,Poor,0.9539208038467222
1037,Slow,High,Good,0.9338587957857394
1038,Slow,Medium,Average,0.09328738472196851
1039,Moderate,High,Average,0.5705614046246065
1040,Fast,High,Good,0.1260554313607034
1041,Moderate,High,Poor,0.07608472676550726
1042,Moderate,High,Average,0.9268067091100405
1043,Fast,Medium,Poor,0.554866916999157
1044,Slow,Low,Good,0.6313774363954292
1045,Fast,Medium,Good,0.9107949305099489
1046,Moderate,Low,Average,0.5327116220389853
1047,Slow,Low,Average,0.451407670433569
1048,Fast,High,Average,0.44836693543157646
1049,Fast,Low,Poor,0.47594221754772414
1050,Fast,High,Good,0.7344870403224036
1051,Fast,Medium,Good,0.3386432714478632
1052,Fast,Low,Average,0.6954884591776503
1053,Fast,High,Average,0.13916001090796182
1054,Moderate,Medium,Good,0.4891965179806156
1055,Moderate,Low,Poor,0.5343855642352632
1056,Fast,High,Good,0.8766842134606484
1057,Slow,High,Average,0.3272211831614539
1058,Moderate,High,Good,0.7748584021819559
1059,Moderate,High,Poor,0.5069301160771944
1060,Fast,Medium,Good,0.17866280533910295
1061,Slow,High,Good,0.5665640032301404
1062,Slow,Medium,Average,0.2196190454793372
1063,Slow,High,Good,0.22490597055182238
1064,Moderate,Low,Poor,0.9765019736460124
1065,Slow,High,Average,0.8932666362670775
1066,Moderate,Low,Average,0.08812656950055775
1067,Moderate,Low,Poor,0.6109465257026532
1068,Moderate,High,Average,0.5120233891087593
1069,Moderate,High,Average,0.5736532029887571
1070,Fast,Medium,Poor,0.6299205040612595
1071,Moderate,Medium,Good,0.9434281072652854
1072,Slow,Low,Good,0.2586498621593005
1073,Fast,Low,Average,0.13895990524891622
1074,Moderate,Medium,Average,0.16473400888772405
1075,Fast,Low,Average,0.7127717935169045
1076,Slow,Low,Average,0.5552633226079402
1077,Slow,High,Good,0.36988862564812486
1078,Fast,Low,Good,0.24987621016547767
1079,Fast,Medium,Average,0.9891855748647834
1080,Fast,High,Average,0.9423009379012067
1081,Moderate,High,Good,0.17825014395796335
1082,Moderate,High,Good,0.3771119845344445
1083,Slow,High,Good,0.7164762626421669
1084,Slow,Low,Poor,0.7220974462678807
1085,Slow,Medium,Average,0.6952741329444169
1086,Fast,Low,Good,0.8434277957090492
1087,Fast,Medium,Good,0.6042054798633042
1088,Slow,Low,Poor,0.3962355245373035
1089,Fast,High,Average,0.22840896156743862
1090,Fast,Low,Average,0.07824209858002273
1091,Moderate,Low,Good,0.1626522181899006
1092,Moderate,Low,Average,0.5200826832165839
1093,Fast,Low,Average,0.7092971369176653
1094,Fast,Medium,Good,0.809032699507332
1095,Slow,Medium,Good,0.19177345829367098
1096,Fast,Low,Good,0.2466884297439973
1097,Fast,High,Average,0.9226231491291074
1098,Slow,High,Poor,0.17826178148877347
1099,Slow,High,Good,0.37593837540329333
1100,Moderate,High,Good,0.9124850542303685
1101,Fast,Low,Average,0.3391308154847027
1102,Slow,Low,Average,0.9986173191643847
1103,Fast,Low,Good,0.6337676597984959
1104,Fast,Low,Average,0.009252522435902355
1105,Slow,High,Good,0.6869274167743025
1106,Fast,High,Good,0.30091907316541877
1107,Moderate,Low,Average,0.09600694650615271
1108,Slow,Low,Poor,0.5966305323571411
1109,Slow,Medium,Poor,0.05264211262716112
1110,Slow,Medium,Good,0.4678024120373392
1111,Slow,Low,Good,0.7701312919289194
1112,Moderate,Medium,Average,0.5174610093842912
1113,Slow,High,Average,0.5829984797183156
1114,Slow,Low,Average,0.030339246818318233
1115,Fast,Low,Average,0.059512442563974366
1116,Slow,Medium,Good,0.35424600318924426
1117,Slow,High,Average,0.2974926699926682
1118,Slow,Medium,Poor,0.6964377927022132
1119,Moderate,Medium,Average,0.3858125217592894
1120,Fast,Medium,Good,0.9721666237406904
1121,Slow,High,Poor,0.5626325958673883
1122,Moderate,Low,Average,0.31869725728539733
1123,Moderate,Medium,Good,0.35499504103835355
1124,Slow,Medium,Poor,0.8251929348056901
1125,Fast,Low,Poor,0.34171187934168834
1126,Moderate,Medium,Poor,0.44822801452608896
1127,Moderate,Low,Poor,0.7155628273322324
1128,Slow,Low,Poor,0.8353064608584502
1129,Moderate,Low,Average,0.16870164280374567
1130,Moderate,High,Poor,0.9788560151782346
1131,Fast,Low,Poor,0.3736346520927243
1132,Moderate,High,Good,0.2912233185782761
1133,Moderate,Low,Poor,0.7529816172961168
1134,Moderate,High,Good,0.0056313127480537295
1135,Fast,Low,Good,0.29606384071258585
1136,Fast,Low,Poor,0.17917967462532258
1137,Fast,Medium,Poor,0.5838898233720484
1138,Moderate,Medium,Good,0.956019710486567
1139,Slow,Low,Good,0.7360173683653359
1140,Moderate,Low,Poor,0.9500691552734062
1141,Fast,High,Average,0.6089991110519285
1142,Moderate,High,Poor,0.06164188343682353
1143,Fast,Low,Good,0.30472280605297863
1144,Slow,Low,Poor,0.1890172827464972
1145,Moderate,Low,Average,0.5294357405412765
1146,Moderate,Medium,Poor,0.6103938666440536
1147,Fast,High,Average,0.0747459036363155
1148,Slow,Medium,Poor,0.35748310349188284
1149,Moderate,High,Average,0.9334133204495549
1150,Slow,Low,Good,0.22569467439043023
1151,Slow,High,Good,0.6342430909775426
1152,Fast,Low,Good,0.07132298941281434
1153,Slow,High,Good,0.3479686661552165
1154,Moderate,Medium,Good,0.39398750771305513
1155,Fast,Medium,Average,0.4702490853287543
1156,Fast,High,Poor,0.946264493003082
1157,Moderate,Medium,Average,0.9325431260859799
1158,Slow,Low,Poor,0.10691986437982137
1159,Moderate,Medium,Poor,0.7862928925962779
1160,Moderate,High,Poor,0.690701039499166
1161,Slow,Medium,Average,0.709905045779608
1162,Moderate,Low,Average,0.8909953746442648
1163,Slow,High,Good,0.4021563818439675
1164,Fast,High,Average,0.20644523241620039
1165,Moderate,Medium,Average,0.7179370236225695
1166,Slow,Medium,Average,0.15664737836363352
1167,Moderate,Low,Average,0.337219909910226
1168,Fast,Low,Poor,0.943788889207958
1169,Moderate,High,Average,0.4550154384644478
1170,Slow,Medium,Average,0.12784973699346702
1171,Moderate,Low,Average,0.26292424763214706
1172,Moderate,Medium,Average,0.06440511601504317
1173,Moderate,High,Poor,0.9094607980487712
1174,Fast,Low,Average,0.043904613630637246
1175,Slow,Low,Poor,0.8278286070661927
1176,Fast,Medium,Good,0.7372276772498267
1177,Slow,Low,Poor,0.903407755862793
1178,Fast,High,Poor,0.8502673943359241
1179,Slow,Medium,Average,0.9387498882798329
1180,Slow,High,Poor,0.27875579946862916
1181,Fast,Low,Poor,0.3870673133912932
1182,Fast,High,Average,0.4271325310483912
1183,Slow,High,Poor,0.9565708574521596
1184,Slow,Medium,Good,0.29486562806969696
1185,Slow,High,Average,0.1989168137372247
1186,Fast,Medium,Poor,0.6030038404299115
1187,Moderate,High,Poor,0.6679244735960846
1188,Moderate,High,Average,0.1622355481405775
1189,Fast,High,Poor,0.9871678396302044
1190,Slow,Low,Poor,0.28733033322764945
1191,Moderate,Medium,Good,0.5194487863912376
1192,Moderate,High,Average,0.9021222382453876
1193,Fast,Medium,Good,0.8172592689875229
1194,Slow,Low,Average,0.8703959082257019
1195,Fast,Low,Average,0.11805450726005196
1196,Moderate,Low,Good,0.5789165325927175
1197,Moderate,Low,Good,0.4553184100619284
1198,Slow,High,Poor,0.6495324310653898
1199,Moderate,Low,Average,0.9480532818528903
1200,Moderate,High,Good,0.4764893973538262
1201,Fast,High,Poor,0.023975447376531678
1202,Slow,Medium,Poor,0.9623501334382779
1203,Moderate,Medium,Average,0.2564440174631881
1204,Slow,Medium,Poor,0.10939992546033395
1205,Fast,Low,Good,0.8465507758198628
1206,Slow,Medium,Good,0.9002348574321095
1207,Fast,High,Poor,0.8090345502403417
1208,Slow,High,Poor,0.5063697376522089
1209,Fast,High,Poor,0.5021620107636534
1210,Moderate,Low,Average,0.3524327315388416
1211,Slow,Medium,Average,0.21790446981538492
1212,Slow,Medium,Average,0.48071405648435594
1213,Slow,Medium,Poor,0.7338953708995932
1214,Fast,Low,Good,0.7930103076255994
1215,Slow,Low,Average,0.7140870226850174
1216,Slow,Medium,Poor,0.9661780248345367
1217,Slow,Medium,Average,0.130876333457687
1218,Fast,High,Good,0.46965425695162355
1219,Moderate,Low,Average,0.4285646126017921
1220,Fast,High,Poor,0.6219626241309765
1221,Fast,Medium,Good,0.0093449534862442
1222,Fast,Low,Poor,0.26536973312034395
1223,Moderate,Medium,Average,0.30679428311010126
1224,Slow,Low,Good,0.84141643602535
1225,Moderate,Medium,Good,0.7795764488612695
1226,Fast,Medium,Good,0.24271498679858317
1227,Slow,Low,Poor,0.575520216966124
1228,Slow,High,Good,0.7257710469577774
1229,Fast,Low,Good,0.8845719870582626
1230,Fast,High,Average,0.7554311006220276
1231,Fast,High,Average,0.8226362715572205
1232,Moderate,Low,Poor,0.42137694121385494
1233,Fast,High,Good,0.5144038687461845
1234,Moderate,High,Poor,0.41026913833171685
1235,Slow,Low,Poor,0.6956407534454081
1236,Slow,Low,Average,0.7683999289487798
1237,Slow,High,Poor,0.02001172362877479
1238,Slow,Low,Average,0.038118245188491606
1239,Slow,Medium,Average,0.8689513946008063
1240,Slow,Low,Good,0.1358324284132657
1241,Slow,Medium,Poor,0.2000089211127476
1242,Moderate,Medium,Poor,0.5598831655769838
1243,Moderate,High,Good,0.2564875232071543
1244,Slow,Medium,Good,0.25955224866498816
1245,Moderate,Medium,Good,0.2933961447857848
1246,Slow,High,Good,0.5960301609498011
1247,Fast,Medium,Average,0.35300475097183626
1248,Slow,Medium,Poor,0.6785170694844144
1249,Fast,High,Poor,0.791640072183063
1250,Moderate,Medium,Poor,0.7711360481708222
1251,Moderate,High,Good,0.7188082349491646
1252,Slow,Medium,Average,0.1188525784762372
1253,Moderate,Low,Poor,0.7892437893521301
1254,Slow,Medium,Good,0.7872503026693629
1255,Moderate,Medium,Poor,0.6806038701191534
1256,Slow,Low,Poor,0.08472868329031791
1257,Fast,High,Poor,0.5037734437246341
1258,Fast,Low,Average,0.5275637213568055
1259,Fast,Medium,Good,0.949586767564585
1260,Slow,Medium,Average,0.5605393524167709
1261,Slow,High,Average,0.40032148248727994
1262,Slow,Low,Poor,0.6655094087572134
1263,Moderate,Medium,Good,0.005025503365311934
1264,Moderate,Low,Good,0.9107979110488678
1265,Fast,Medium,Average,0.7121881936741145
1266,Moderate,Medium,Average,0.26162480629182994
1267,Fast,Low,Average,0.7785638475467596
1268,Moderate,Medium,Poor,0.8222747114729252
1269,Moderate,High,Average,0.9361463354321129
1270,Fast,Low,Average,0.2789661944201939
1271,Fast,High,Good,0.21546943274921126
1272,Moderate,Medium,Good,0.7189069446047903
1273,Slow,Medium,Poor,0.67981812521997
1274,Slow,Low,Poor,0.023110668467792195
1275,Fast,Medium,Good,0.4112523984788691
1276,Moderate,Low,Average,0.9634842786561725
1277,Slow,Medium,Average,0.03042353965408562
1278,Fast,Low,Average,0.7542313233495487
1279,Moderate,Low,Average,0.9384682123658125
1280,Moderate,Low,Good,0.9076819452191535
1281,Slow,Low,Poor,0.6049408131977551
1282,Slow,Low,Average,0.2343050993371779
1283,Moderate,High,Poor,0.8352292908460148
1284,Fast,Low,Poor,0.9815790297645944
1285,Moderate,High,Good,0.3861363985285714
1286,Moderate,Medium,Poor,0.6771274885739019
1287,Fast,Low,Average,0.9385855957785052
1288,Slow,Low,Good,0.4274082879043153
1289,Moderate,Medium,Average,0.4401484472241325
1290,Fast,Medium,Average,0.5302632256383486
1291,Moderate,Medium,Good,0.741806475246172
1292,Slow,High,Poor,0.7917161675842714
1293,Fast,Low,Average,0.570689661576848
1294,Moderate,Medium,Average,0.00018519529544280822
1295,Slow,Low,Average,0.10962819440343974
1296,Slow,Medium,Poor,0.3367926110821068
1297,Moderate,High,Good,0.9569917688704415
1298,Fast,Low,Poor,0.8429503901768098
1299,Moderate,High,Average,0.8301772429995874
1300,Fast,High,Good,0.12423670555580901
1301,Fast,Medium,Good,0.9531671767711674
1302,Moderate,High,Good,0.29338967558297835
1303,Moderate,High,Poor,0.583435634710885
1304,Slow,Medium,Good,0.818737990454652
1305,Slow,Low,Average,0.897508835108354
1306,Moderate,Low,Poor,0.2502463252629369
1307,Fast,High,Average,0.17615391250286005
1308,Moderate,High,Good,0.9333754991419687
1309,Moderate,Low,Average,0.6438679275551263
1310,Slow,High,Average,0.7290337428294941
1311,Moderate,High,Average,0.5032094167515431
1312,Fast,Medium,Average,0.42932134196763627
1313,Moderate,Medium,Average,0.1770432945283974
1314,Fast,High,Average,0.03429167831054236
1315,Slow,Low,Good,0.5793797273479487
1316,Fast,Medium,Poor,0.5046410559480753
1317,Fast,Medium,Poor,0.9361481045130232
1318,Moderate,High,Good,0.31119360246894445
1319,Moderate,Low,Average,0.9219556301327502
1320,Slow,High,Average,0.558134158128215
1321,Fast,High,Average,0.23213391280015616
1322,Fast,High,Good,0.9852073259110937
1323,Slow,High,Poor,0.46577019549792753
1324,Moderate,Medium,Poor,0.18772807549827364
1325,Moderate,Medium,Good,0.31671712202521607
1326,Slow,Medium,Good,0.583195161883046
1327,Fast,High,Poor,0.6538299638276777
1328,Moderate,Low,Average,0.899857281849195
1329,Fast,High,Poor,0.8073709397924894
1330,Moderate,Medium,Average,0.3370027913372585
1331,Fast,High,Good,0.20265692199043106
1332,Fast,High,Good,0.25924013539027013
1333,Moderate,Medium,Poor,0.34801335376349296
1334,Fast,High,Average,0.4161185444318599
1335,Moderate,Medium,Poor,0.41674906062405315
1336,Fast,Medium,Poor,0.65025071964619
1337,Fast,Low,Good,0.8279120621490643
1338,Slow,High,Average,0.2654992172182822
1339,Slow,Low,Poor,0.5322458071417807
1340,Fast,Medium,Poor,0.40799436224815233
1341,Moderate,Medium,Average,0.34110271380245805
1342,Fast,Low,Good,0.3196181255080712
1343,Slow,Medium,Poor,0.5560524242799609
1344,Moderate,High,Good,0.4921166570858616
1345,Moderate,Medium,Good,0.6689537100682745
1346,Moderate,High,Poor,0.7542823330352161
1347,Fast,Medium,Poor,0.683018318494161
1348,Moderate,High,Good,0.8612334118867375
1349,Moderate,Medium,Average,0.015562546258716003
1350,Slow,High,Average,0.23233554592401817
1351,Slow,High,Poor,0.039451952922691436
1352,Slow,Medium,Average,0.5671630879133922
1353,Fast,Medium,Poor,0.46930299636000705
1354,Fast,Low,Poor,0.6249224697884563
1355,Moderate,Medium,Good,0.854746132030725
1356,Slow,Medium,Good,0.2402271663955453
1357,Moderate,Low,Average,0.23179027761657967
1358,Slow,Low,Poor,0.4553641345615005
1359,Slow,High,Average,0.474325570550291
1360,Moderate,High,Good,0.6744325564685969
1361,Fast,Low,Average,0.49815072025114837
1362,Moderate,Low,Average,0.021192246227852762
1363,Slow,Low,Poor,0.24241881388721087
1364,Fast,High,Poor,0.5421375093061667
1365,Fast,Medium,Good,0.6266436833117583
1366,Moderate,High,Good,0.5385833858542034
1367,Slow,High,Average,0.6400487969300563
1368,Fast,High,Good,0.8747019843267121
1369,Fast,Low,Poor,0.18761098854542468
1370,Slow,Low,Average,0.8886426693629551
1371,Slow,High,Poor,0.9858068210084251
1372,Fast,High,Good,0.23419442561681292
1373,Fast,High,Good,0.21179928858154773
1374,Fast,Medium,Poor,0.9619776547341259
1375,Fast,High,Good,0.028457391843922486
1376,Slow,High,Poor,0.3312138146231214
1377,Fast,Medium,Average,0.9063542110956462
1378,Fast,Low,Average,0.502301717661742
1379,Slow,Low,Average,0.2915777167599307
1380,Moderate,High,Poor,0.9650316229099188
1381,Slow,Medium,Poor,0.5456084644271506
1382,Slow,Low,Good,0.6072294502983907
1383,Slow,Low,Poor,0.5891334031560382
1384,Fast,High,Good,0.799578644102003
1385,Slow,High,Poor,0.33267298653032384
1386,Slow,Low,Good,0.36495718766822516
1387,Moderate,Low,Good,0.47552652162619335
1388,Fast,Medium,Poor,0.9669850180280375
1389,Moderate,Low,Good,0.9841649594832149
1390,Moderate,Medium,Poor,0.2529118055562871
1391,Slow,Medium,Average,0.935217810170875
1392,Moderate,High,Average,0.5013964785953243
1393,Fast,High,Good,0.2710629901403637
1394,Slow,High,Poor,0.7134573604340441
1395,Fast,Medium,Good,0.9543693622282359
1396,Slow,Low,Average,0.31014722109080206
1397,Moderate,Medium,Good,0.43233389987866533
1398,Slow,Medium,Poor,0.49677011312716357
1399,Moderate,High,Poor,0.8301829666176939
1400,Slow,Medium,Average,0.9970218045616971
1401,Fast,Low,Average,0.8289298911930121
1402,Slow,Low,Poor,0.7132190050771051
1403,Moderate,High,Average,0.6677772264457613
1404,Fast,High,Good,0.007219947003717753
1405,Slow,High,Average,0.48403894022784844
1406,Fast,High,Poor,0.3590707790431512
1407,Moderate,Medium,Good,0.7384839721861057
1408,Fast,High,Good,0.36798507718678664
1409,Moderate,Medium,Poor,0.7242049128083701
1410,Moderate,High,Good,0.9082585546770661
1411,Moderate,Medium,Poor,0.9127010103571104
1412,Slow,Low,Good,0.4271065628370424
1413,Slow,High,Poor,0.1908094914463071
1414,Moderate,Low,Poor,0.25379764255599213
1415,Slow,Medium,Average,0.9738777670436397
1416,Moderate,Medium,Poor,0.23273024187005353
1417,Fast,Low,Average,0.7120634214091708
1418,Moderate,Low,Average,0.6939921083892756
1419,Fast,High,Poor,0.2500567585101532
1420,Moderate,High,Average,0.40244513844359253
1421,Moderate,Medium,Poor,0.14206160944306223
1422,Moderate,Low,Average,0.8734731710560043
1423,Moderate,Medium,Average,0.4920817053884151
1424,Slow,High,Good,0.7651531608485469
1425,Slow,Low,Good,0.6226260273619194
1426,Moderate,Medium,Average,0.15670929576291914
1427,Fast,Medium,Average,0.8877535094139863
1428,Fast,High,Poor,0.002140919345475223
1429,Moderate,Medium,Poor,0.34617507730612906
1430,Moderate,Low,Good,0.9044739272812876
1431,Slow,High,Good,0.1312154829316865
1432,Fast,High,Good,0.17839825192858105
1433,Slow,Medium,Good,0.7768603268982814
1434,Slow,High,Average,0.2542178290666882
1435,Slow,High,Poor,0.019248963848893963
1436,Moderate,Low,Poor,0.3095419918620881
1437,Fast,Low,Good,0.5416868240337284
1438,Moderate,Low,Average,0.7455030853527727
1439,Slow,Low,Poor,0.9692491388225086
1440,Slow,High,Good,0.6450098154915673
1441,Fast,High,Average,0.26927042430520765
1442,Moderate,High,Average,0.17675686742346075
1443,Slow,High,Good,0.785202867912825
1444,Slow,Low,Poor,0.6977970330625238
1445,Moderate,High,Good,0.6427519139595469
1446,Moderate,High,Good,0.4482265821082245
1447,Moderate,Medium,Poor,0.7809448189504872
1448,Moderate,Low,Good,0.8386571544924571
1449,Moderate,Low,Good,0.08292715250972604
1450,Slow,Medium,Good,0.9899806149891808
1451,Moderate,Medium,Good,0.5007349061441984
1452,Fast,High,Poor,0.6937412986983286
1453,Moderate,High,Average,0.9728566047103429
1454,Moderate,High,Good,0.39425823549574524
1455,Moderate,Low,Good,0.9937731027679316
1456,Moderate,High,Good,0.8349695494811857
1457,Slow,Medium,Average,0.2897376005288893
1458,Moderate,Low,Average,0.3703201754505222
1459,Slow,Low,Poor,0.42463115979029087
1460,Slow,Medium,Poor,0.9740312249720638
1461,Fast,Medium,Good,0.3688825215558892
1462,Fast,Low,Good,0.05208790692715093
1463,Moderate,Medium,Average,0.8530135589879255
1464,Slow,High,Average,0.7139145840836343
1465,Fast,Medium,Poor,0.3267410624773712
1466,Fast,High,Poor,0.2515130396764008
1467,Fast,High,Poor,0.41469811830512815
1468,Slow,Medium,Poor,0.848752700565235
1469,Moderate,Medium,Average,0.5336051011223095
1470,Moderate,Medium,Good,0.009005664264475244
1471,Slow,High,Average,0.3038071257363676
1472,Moderate,Medium,Poor,0.46256330831379955
1473,Fast,High,Average,0.0372538806141961
1474,Fast,Medium,Poor,0.5318235108108051
1475,Fast,Low,Poor,0.45299810082996383
1476,Fast,Low,Good,0.27350286582970706
1477,Fast,Low,Average,0.16713241731358774
1478,Slow,Low,Good,0.6469467083373054
1479,Slow,Low,Poor,0.5442000021136278
1480,Slow,Medium,Good,0.6789030208597069
1481,Moderate,High,Poor,0.41276307274879365
1482,Moderate,High,Good,0.44545868837093394
1483,Fast,Low,Average,0.030783102237640136
1484,Slow,Medium,Good,0.39815494458477496
1485,Slow,Medium,Poor,0.330632954859542
1486,Fast,Medium,Poor,0.5921232363510185
1487,Moderate,High,Poor,0.7672783010536482
1488,Slow,Medium,Good,0.6587861176809129
1489,Slow,High,Poor,0.29650157102393904
1490,Slow,High,Good,0.5435939684651695
1491,Fast,Medium,Good,0.583386232327748
1492,Fast,High,Good,0.7100293476752291
1493,Slow,High,Average,0.11786010867977015
1494,Fast,High,Average,0.9409461932706544
1495,Moderate,Low,Poor,0.7051131466389949
1496,Slow,High,Good,0.3918430129328524
1497,Moderate,Medium,Average,0.8454192017007699
1498,Moderate,Medium,Poor,0.27154476866843913
1499,Fast,Medium,Average,0.8237242861369873
1500,Slow,High,Poor,0.009860728337139468
1501,Slow,Low,Average,0.16104621496068006
1502,Slow,Medium,Good,0.8026758125262868
1503,Fast,Medium,Average,0.5630942778724928
1504,Slow,High,Average,0.2540211490955627
1505,Moderate,Low,Good,0.3347226869146519
1506,Moderate,Medium,Average,0.4739197609111919
1507,Slow,Medium,Average,0.9488458384670612
1508,Slow,Low,Average,0.40375661047834654
1509,Moderate,High,Poor,0.9628623341857422
1510,Moderate,High,Average,0.8687572305365872
1511,Slow,High,Good,0.2564055930082839
1512,Slow,Low,Poor,0.38954916448152244
1513,Slow,Medium,Poor,0.4975751441541355
1514,Moderate,High,Average,0.6147709531562623
1515,Fast,High,Average,0.3033699455720126
1516,Moderate,Medium,Average,0.20832694686003972
1517,Moderate,Medium,Good,0.7424575642135566
1518,Slow,Low,Average,0.3640274692145663
1519,Slow,Low,Average,0.7550939672981465
1520,Slow,High,Good,0.5718696893717321
1521,Slow,Low,Poor,0.9451175073425461
1522,Moderate,Medium,Average,0.8914538731447493
1523,Fast,Low,Average,0.9836425310328117
1524,Fast,Medium,Good,0.8269490250841108
1525,Fast,Low,Good,0.4967238260981782
1526,Fast,High,Average,0.2746481928684883
1527,Slow,Medium,Average,0.4705050789923272
1528,Moderate,Low,Poor,0.512474704119517
1529,Slow,High,Poor,0.651489153529613
1530,Moderate,Medium,Poor,0.4134732641219685
1531,Fast,Low,Good,0.7277095184072376
1532,Slow,High,Good,0.7485647184536268
1533,Fast,High,Good,0.9507127499973624
1534,Moderate,Low,Poor,0.9543459516233008
1535,Fast,Medium,Poor,0.4394482232929203
1536,Moderate,Medium,Average,0.22609919362669217
1537,Slow,Medium,Average,0.03861660561225089
1538,Moderate,Medium,Good,0.1930149854056986
1539,Fast,Low,Poor,0.07145138060942235
1540,Fast,Medium,Poor,0.13299858707463919
1541,Moderate,High,Poor,0.26367545859548913
1542,Moderate,Medium,Poor,0.8327750312273491
1543,Moderate,Medium,Good,0.6621858857118336
1544,Moderate,High,Good,0.28721257112736154
1545,Moderate,Medium,Average,0.8978833777644819
1546,Moderate,Medium,Average,0.9501807108180417
1547,Fast,High,Average,0.6787759835204289
1548,Slow,Medium,Poor,0.9968488878594198
1549,Moderate,High,Average,0.16554079482308726
1550,Fast,Low,Good,0.9809065582901296
1551,Fast,Low,Poor,0.6038779896240879
1552,Fast,High,Average,0.36420222264951607
1553,Fast,Low,Good,0.14511073548160514
1554,Slow,Low,Poor,0.16540090450135903
1555,Slow,Medium,Poor,0.6564715175301649
1556,Moderate,High,Poor,0.5154974759769905
1557,Moderate,Medium,Average,0.5577647590980618
1558,Slow,Low,Poor,0.6465350987807326
1559,Slow,Low,Average,0.49863350644027893
1560,Slow,Low,Average,0.04786559890610709
1561,Slow,Low,Poor,0.25220005061691286
1562,Fast,Low,Poor,0.11759961659870177
1563,Moderate,Medium,Average,0.5973493009778531
1564,Slow,Medium,Poor,0.43369693310695956
1565,Fast,Medium,Average,0.6679367445480653
1566,Slow,Low,Average,0.4938359406519234
1567,Moderate,Low,Good,0.31754565765533804
1568,Fast,Low,Average,0.08504362130607113
1569,Moderate,Low,Good,0.7161276404767375
1570,Moderate,Low,Good,0.43325074269575037
1571,Slow,High,Poor,0.1733731567575082
1572,Slow,Medium,Average,0.25243119410203996
1573,Moderate,Low,Poor,0.6447936024607496
1574,Slow,Medium,Good,0.9423435076713574
1575,Fast,High,Average,0.06391132094914109
1576,Fast,Medium,Good,0.5959268121167338
1577,Slow,High,Average,0.35638243047877394
1578,Fast,Medium,Poor,0.705619804180144
1579,Fast,High,Good,0.7003063538838071
1580,Moderate,Medium,Average,0.4079914834695869
1581,Moderate,Low,Average,0.5062310360908802
1582,Slow,High,Poor,0.8518368088189332
1583,Slow,High,Average,0.19964864195602305
1584,Fast,High,Poor,0.2554282810460905
1585,Moderate,Medium,Poor,0.5749534932296414
1586,Moderate,Medium,Poor,0.7719644343498835
1587,Moderate,Low,Average,0.52269726463837
1588,Slow,Medium,Average,0.8553144643629383
1589,Fast,High,Average,0.6750466222899199
1590,Fast,Medium,Good,0.5009693018588683
1591,Slow,Medium,Poor,0.10447298581593623
1592,Slow,Low,Good,0.10463780692762559
1593,Moderate,High,Good,0.6061095998529731
1594,Moderate,Low,Poor,0.6729178242869764
1595,Moderate,High,Poor,0.1962872001430761
1596,Moderate,Low,Average,0.8460034233973969
1597,Moderate,Medium,Average,0.6221669241736077
1598,Slow,High,Average,0.9102217014103121
1599,Slow,High,Good,0.8335396315437738
1600,Fast,Medium,Average,0.9321617192136323
1601,Fast,Medium,Poor,0.5558404876834986
1602,Moderate,High,Good,0.05548394206791063
1603,Slow,Medium,Poor,0.07989368779136086
1604,Slow,Low,Average,0.6906680154387221
1605,Fast,Medium,Poor,0.30274757047123246
1606,Moderate,Medium,Good,0.95583082968299
1607,Fast,High,Poor,0.538194371684403
1608,Moderate,Low,Poor,0.4738084349601387
1609,Slow,Low,Poor,0.23000045254839985
1610,Fast,Low,Average,0.806899347919689
1611,Slow,High,Average,0.8590463297066561
1612,Moderate,Medium,Good,0.08148997730927654
1613,Moderate,High,Average,0.5949160209188715
1614,Moderate,High,Poor,0.4144479350354795
1615,Moderate,High,Good,0.4202902600542552
1616,Moderate,High,Good,0.2559807588429972
1617,Fast,High,Good,0.42084338838666824
1618,Slow,High,Average,0.9044253423171502
1619,Moderate,Low,Average,0.2428014998262752
1620,Slow,High,Good,0.3200109892470634
1621,Slow,Medium,Good,0.8257584576169683
1622,Fast,High,Average,0.22252104417744645
1623,Fast,High,Average,0.7715464573123775
1624,Slow,Low,Good,0.9458311711158697
1625,Slow,High,Poor,0.7023961425404268
1626,Moderate,Medium,Average,0.3150559693186544
1627,Fast,Low,Average,0.35390582625685874
1628,Moderate,Medium,Average,0.9128388581939751
1629,Moderate,High,Average,0.14049731486080164
1630,Slow,Medium,Good,0.246617422690674
1631,Moderate,Medium,Average,0.8838293234754855
1632,Moderate,Medium,Average,0.7587735622539384
1633,Slow,Low,Average,0.29988574005580493
1634,Fast,High,Average,0.8700551931092828
1635,Slow,Medium,Poor,0.07023730586948107
1636,Slow,High,Poor,0.8704108285583003
1637,Fast,High,Good,0.5178453121869052
1638,Fast,Medium,Good,0.5330305614882556
1639,Slow,Medium,Good,0.31478562371695795
1640,Fast,High,Good,0.14058483124889698
1641,Fast,High,Average,0.6760560050132531
1642,Slow,High,Average,0.6757467603471771
1643,Moderate,Low,Good,0.46630298998189756
1644,Slow,High,Average,0.6704155146589565
1645,Moderate,Low,Good,0.8953962676434433
1646,Fast,High,Poor,0.48447280903319256
1647,Slow,Low,Average,0.8424577277107875
1648,Fast,Low,Poor,0.8311272167177457
1649,Fast,High,Poor,0.00245458644384422
1650,Slow,Medium,Average,0.0941696982472372
1651,Moderate,Medium,Average,0.25462686665289547
1652,Fast,Medium,Good,0.8871686882945911
1653,Fast,Low,Poor,0.368374507584734
1654,Slow,Low,Poor,0.38641556183058123
1655,Fast,Low,Average,0.7494467879338654
1656,Slow,Low,Average,0.13214337816986055
1657,Moderate,Medium,Average,0.5993792222611017
1658,Fast,Low,Average,0.7176455863427427
1659,Fast,High,Poor,0.2719651077780826
1660,Slow,Medium,Good,0.033403006577434446
1661,Moderate,Medium,Poor,0.08186150591629393
1662,Fast,Medium,Average,0.5323477279546288
1663,Slow,High,Average,0.0455501559653525
1664,Moderate,High,Average,0.40822182258823203
1665,Slow,High,Average,0.2169432254073359
1666,Fast,High,Poor,0.44184808717385704
1667,Slow,Low,Good,0.43997376704238
1668,Slow,High,Average,0.10524189807765238
1669,Fast,Low,Poor,0.7416608094763181
1670,Slow,Medium,Average,0.21140018456090004
1671,Fast,High,Average,0.826269149862581
1672,Moderate,High,Good,0.9928634336035523
1673,Moderate,High,Poor,0.9693172032693367
1674,Fast,High,Poor,0.7893334823405523
1675,Fast,Medium,Average,0.6557773017841801
1676,Fast,Medium,Poor,0.030397414811526136
1677,Slow,Low,Poor,0.8157092700020729
1678,Slow,Low,Poor,0.11482903172136949
1679,Slow,High,Good,0.6462525176571905
1680,Fast,Low,Good,0.722461310338954
1681,Moderate,Low,Poor,0.9021761599774838
1682,Moderate,Medium,Poor,0.7756546353260334
1683,Fast,High,Average,0.6788782323905966
1684,Moderate,High,Poor,0.3099299092291664
1685,Fast,Medium,Average,0.7861006466076711
1686,Moderate,High,Poor,0.2044553814193969
1687,Moderate,Low,Good,0.6707600217115339
1688,Moderate,Low,Good,0.8624043522930891
1689,Fast,Low,Poor,0.1620224163644397
1690,Fast,High,Average,0.23959488296539133
1691,Fast,Low,Good,0.7568836076530354
1692,Moderate,Low,Poor,0.07187525370862446
1693,Fast,High,Average,0.8347984925799404
1694,Moderate,Medium,Average,0.580332190257909
1695,Slow,Low,Good,0.4858205588603991
1696,Moderate,High,Poor,0.7180062101076479
1697,Fast,Medium,Average,0.9404013722621856
1698,Slow,High,Good,0.9769710546262609
1699,Slow,Low,Good,0.32540496232958716
1700,Fast,Low,Poor,0.5690669982420896
1701,Moderate,High,Good,0.5354583089593412
1702,Moderate,Medium,Good,0.6400903965861701
1703,Moderate,Medium,Good,0.20674664574023915
1704,Slow,Low,Average,0.5690436499956663
1705,Slow,High,Poor,0.4880601562696629
1706,Fast,Medium,Poor,0.8194807217006219
1707,Slow,Medium,Average,0.9016533867127051
1708,Fast,Medium,Good,0.25604448637612787
1709,Slow,High,Average,0.14154885098782333
1710,Moderate,Medium,Good,0.04397164162145484
1711,Fast,Low,Good,0.05690148049762156
1712,Slow,Medium,Average,0.4412878027999434
1713,Slow,Low,Average,0.10193380538260854
1714,Fast,Medium,Good,0.42358582687907886
1715,Slow,High,Average,0.2670609402393602
1716,Fast,Medium,Good,0.6096935693740385
1717,Fast,Low,Good,0.5583921163286737
1718,Fast,High,Poor,0.5291032676604385
1719,Fast,Medium,Average,0.6709589010435523
1720,Moderate,High,Average,0.8742518766843361
1721,Fast,High,Poor,0.7733040401143754
1722,Fast,Low,Poor,0.3480703708611401
1723,Moderate,Medium,Average,0.5537739542944381
1724,Fast,Low,Poor,0.5796579636763161
1725,Fast,High,Good,0.9524512631463853
1726,Slow,Low,Good,0.8957988575088416
1727,Slow,Medium,Good,0.8210722230570188
1728,Fast,High,Good,0.2508923763538512
1729,Fast,High,Poor,0.2044667201975755
1730,Moderate,Medium,Good,0.14989429532815812
1731,Moderate,High,Good,0.13877588411263075
1732,Slow,Low,Good,0.04421074393570057
1733,Fast,High,Average,0.06913333581748937
1734,Moderate,High,Average,0.9657915301069676
1735,Moderate,Low,Average,0.05341376324954861
1736,Moderate,Medium,Good,0.612722051941757
1737,Fast,Medium,Poor,0.3179393297068228
1738,Slow,High,Average,0.042334945902492094
1739,Fast,Low,Poor,0.1318366178035142
1740,Slow,Medium,Poor,0.34766567075886656
1741,Moderate,Medium,Average,0.6451371239357206
1742,Moderate,Low,Average,0.9450057830086813
1743,Fast,Medium,Poor,0.8024517454814937
1744,Fast,Low,Average,0.14255625713494002
1745,Slow,Medium,Good,0.6021018301273497
1746,Fast,High,Poor,0.6399306874505247
1747,Moderate,Low,Average,0.013231279193618217
1748,Slow,Low,Poor,0.7068728455434385
1749,Fast,High,Good,0.11463994358570684
1750,Moderate,Medium,Average,0.8263987737446334
1751,Slow,Medium,Poor,0.9236893410218703
1752,Slow,Low,Average,0.46311803395045037
1753,Moderate,High,Average,0.8591821994111084
1754,Fast,Medium,Average,0.16988667480662
1755,Moderate,High,Good,0.9516035624997881
1756,Fast,Medium,Poor,0.17731125352264487
1757,Moderate,Low,Poor,0.18526802215258753
1758,Fast,High,Good,0.799265965959968
1759,Fast,High,Good,0.9220926535723316
1760,Fast,Medium,Average,0.769186789995928
1761,Moderate,High,Good,0.37180299127453575
1762,Fast,High,Good,0.08744908436888665
1763,Moderate,Low,Poor,0.13905912579392954
1764,Moderate,Medium,Average,0.7982211815880134
1765,Moderate,Low,Average,0.7443037173373661
1766,Slow,Medium,Average,0.42543119425634557
1767,Slow,Medium,Average,0.018548195724407468
1768,Moderate,Low,Poor,0.4814353459576055
1769,Slow,Medium,Good,0.9808433682238985
1770,Moderate,High,Poor,0.16979263955094737
1771,Fast,Low,Poor,0.44511103472012814
1772,Fast,High,Good,0.7330242148636581
1773,Fast,Low,Poor,0.8831330623274579
1774,Fast,Medium,Poor,0.4211913798253908
1775,Fast,Low,Average,0.19187671310235677
1776,Moderate,Low,Good,0.8453372225064139
1777,Moderate,Medium,Average,0.4167086638472298
1778,Moderate,Low,Poor,0.415916532932716
1779,Fast,High,Poor,0.37570580538027054
1780,Moderate,Low,Good,0.7040856686423355
1781,Moderate,Low,Average,0.44626225180989865
1782,Moderate,Medium,Poor,0.3650456934761135
1783,Slow,Low,Good,0.007759648337424485
1784,Slow,Medium,Poor,0.9794198731378522
1785,Moderate,Low,Poor,0.6348361559792174
1786,Fast,High,Average,0.33227907039199667
1787,Moderate,Low,Good,0.1171072315052778
1788,Slow,Medium,Good,0.44391669804653977
1789,Moderate,High,Poor,0.4174745560781662
1790,Fast,High,Poor,0.8263631848564645
1791,Moderate,High,Good,0.5223833054267352
1792,Moderate,Medium,Average,0.5609564994971462
1793,Slow,High,Poor,0.3924518848685079
1794,Moderate,High,Poor,0.6833362812802138
1795,Slow,High,Average,0.21237065530249777
1796,Fast,Medium,Good,0.15441494433999237
1797,Slow,High,Poor,0.2229744880099821
1798,Slow,Low,Good,0.7835560166424261
1799,Slow,Low,Good,0.4178115829015002
1800,Fast,Medium,Poor,0.5767608474359243
1801,Fast,High,Average,0.3434305880194931
1802,Moderate,Medium,Poor,0.9432342833469689
1803,Moderate,Low,Poor,0.2936764133584362
1804,Moderate,Low,Good,0.5460245933207503
1805,Moderate,Low,Good,0.3985996627184558
1806,Moderate,Medium,Poor,0.30835507063231027
1807,Fast,High,Good,0.5435343783741237
1808,Moderate,Medium,Average,0.16039387500614521
1809,Slow,High,Good,0.6212001446041822
1810,Fast,Medium,Average,0.854820052992188
1811,Fast,Low,Average,0.6277004136007399
1812,Fast,High,Poor,0.7093238527759673
1813,Slow,Medium,Good,0.017878484034818065
1814,Fast,Medium,Average,0.5703860995762268
1815,Moderate,Medium,Good,0.8383378205933852
1816,Fast,Low,Poor,0.9714018486086462
1817,Moderate,Low,Average,0.3501048042845637
1818,Fast,Medium,Average,0.9062542367378682
1819,Moderate,High,Good,0.8327586684527142
1820,Fast,Medium,Average,0.48127615051161676
1821,Slow,Medium,Poor,0.5092115852460426
1822,Fast,Medium,Average,0.9531775382631392
1823,Fast,High,Poor,0.8122395386087472
1824,Moderate,High,Poor,0.5648127810861823
1825,Moderate,High,Poor,0.49035044105566084
1826,Fast,Low,Poor,0.3373928312487664
1827,Slow,Medium,Good,0.43202479963374163
1828,Fast,Low,Average,0.003929321422217802
1829,Fast,High,Good,0.7543759555249097
1830,Moderate,High,Good,0.7242098308133599
1831,Fast,High,Good,0.9043328475325398
1832,Moderate,Low,Poor,0.9174258528045012
1833,Moderate,Medium,Good,0.1089716293039158
1834,Moderate,Medium,Good,0.35545985188413864
1835,Slow,High,Average,0.6637667361217
1836,Moderate,High,Poor,0.784441542070729
1837,Slow,Low,Poor,0.32088139903664337
1838,Fast,Low,Poor,0.8727963250794428
1839,Fast,Medium,Average,0.13073473945784997
1840,Fast,Medium,Good,0.9226758285242411
1841,Fast,Low,Good,0.05478724692491377
1842,Fast,Low,Good,0.635874527331007
1843,Fast,Medium,Good,0.033393204865857395
1844,Slow,High,Average,0.8555111753865077
1845,Moderate,Low,Average,0.9698207852410403
1846,Fast,Medium,Good,0.32136995574087035
1847,Moderate,High,Average,0.6995589594516332
1848,Fast,Low,Good,0.07003462363178126
1849,Fast,Medium,Good,0.5729936441135929
1850,Moderate,High,Average,0.48556620228342917
1851,Moderate,Medium,Good,0.14508944663913825
1852,Moderate,Low,Average,0.38110932600828284
1853,Slow,Medium,Poor,0.8359844490934748
1854,Slow,Medium,Good,0.7272924772395685
1855,Moderate,High,Good,0.35243102555274064
1856,Slow,Medium,Good,0.2521422606646523
1857,Fast,Medium,Poor,0.07396318727095597
1858,Moderate,Low,Poor,0.6086875278828008
1859,Fast,Low,Average,0.45592442431941704
1860,Slow,High,Good,0.9986114270374542
1861,Fast,Medium,Poor,0.21577499644268938
1862,Moderate,Medium,Good,0.6958023148257801
1863,Slow,High,Good,0.02116381398203826
1864,Slow,Low,Poor,0.7481452691031412
1865,Slow,Low,Average,0.41605090513676934
1866,Moderate,High,Good,0.6168840719663948
1867,Moderate,Low,Poor,0.16424106722315446
1868,Moderate,High,Poor,0.7485843470035328
1869,Slow,Low,Good,0.46386522142884756
1870,Moderate,Low,Poor,0.3288452882089896
1871,Moderate,Low,Poor,0.5707437417333199
1872,Moderate,Low,Good,0.33485695099898116
1873,Fast,High,Good,0.9013868568106571
1874,Moderate,Low,Good,0.49550917733063826
1875,Moderate,Medium,Good,0.6611179273455245
1876,Moderate,Medium,Poor,0.9494954317391617
1877,Moderate,High,Poor,0.5990126371146123
1878,Fast,Low,Average,0.5610528395238791
1879,Fast,Low,Poor,0.402753618747442
1880,Fast,Medium,Average,0.5186150316353341
1881,Slow,Medium,Average,0.8646591138898917
1882,Fast,Medium,Average,0.9739354059881948
1883,Slow,Low,Good,0.7451327484983999
1884,Moderate,Low,Average,0.12997043661881258
1885,Fast,High,Poor,0.6988860851170678
1886,Moderate,Low,Good,0.7085791250649992
1887,Moderate,Low,Poor,0.7140543306554573
1888,Moderate,High,Good,0.7685751724093984
1889,Slow,Low,Average,0.9849378689708634
1890,Slow,Low,Poor,0.005594155881869511
1891,Moderate,High,Good,0.11429128583685655
1892,Slow,Low,Poor,0.5831002846307997
1893,Slow,Low,Average,0.332647635334146
1894,Fast,Medium,Average,0.5092452505028752
1895,Slow,High,Average,0.8165756133592795
1896,Fast,High,Good,0.4475089656863399
1897,Fast,Low,Average,0.05218505779676108
1898,Fast,Low,Good,0.008349737513769662
1899,Fast,Medium,Average,0.151243338146966
1900,Fast,High,Average,0.19527333324716079
1901,Slow,Medium,Average,0.6780603767876752
1902,Moderate,Low,Poor,0.9752940514300463
1903,Slow,Low,Poor,0.7393443329553049
1904,Moderate,Low,Poor,0.8462764546696253
1905,Moderate,High,Good,0.5873744001258089
1906,Slow,High,Good,0.4767952239003832
1907,Moderate,Low,Poor,0.17713545479300252
1908,Moderate,High,Average,0.9931707895983327
1909,Moderate,High,Poor,0.7259687793283472
1910,Slow,High,Average,0.965485657007934
1911,Fast,Medium,Good,0.434065261197629
1912,Fast,Medium,Poor,0.5697046320354099
1913,Slow,High,Poor,0.9221313255294104
1914,Moderate,High,Good,0.18848804993863866
1915,Slow,Low,Good,0.33971454383608435
1916,Fast,Medium,Good,0.8774791959088326
1917,Fast,Medium,Average,0.8012099002436289
1918,Moderate,Medium,Average,0.8390914986521054
1919,Moderate,Medium,Good,0.5886889743360161
1920,Slow,Medium,Average,0.26112684736145586
1921,Moderate,Low,Average,0.42644079529243195
1922,Slow,High,Good,0.9030010851514962
1923,Fast,Medium,Average,0.9247089920455704
1924,Fast,High,Poor,0.7576576166029725
1925,Fast,Medium,Poor,0.40733158984759243
1926,Moderate,High,Average,0.27301199554003175
1927,Slow,Low,Poor,0.014830162431707872
1928,Moderate,Low,Poor,0.7893004491081501
1929,Fast,High,Poor,0.628745225828071
1930,Moderate,Medium,Good,0.4741601745181253
1931,Moderate,Low,Good,0.9367739495230019
1932,Slow,Low,Good,0.274969366452949
1933,Moderate,Low,Average,0.6999898345521587
1934,Slow,High,Average,0.7182379949812843
1935,Fast,Low,Poor,0.9587546162149037
1936,Slow,Medium,Average,0.39795727729576924
1937,Slow,High,Good,0.12393919426443945
1938,Fast,Low,Poor,0.24080351215461904
1939,Slow,High,Good,0.6918185861250508
1940,Moderate,High,Good,0.974872533431243
1941,Slow,Low,Average,0.7017310407557849
1942,Fast,High,Average,0.22751496307464503
1943,Moderate,Medium,Poor,0.6033078783889431
1944,Slow,Medium,Average,0.13032836458969232
1945,Fast,High,Poor,0.9977843878200647
1946,Fast,Medium,Average,0.8230283087957645
1947,Fast,Low,Poor,0.17680166646406437
1948,Moderate,Medium,Poor,0.8708917904678061
1949,Slow,Medium,Good,0.4658713086963684
1950,Moderate,High,Poor,0.5655643255679543
1951,Fast,Low,Average,0.37929879267218747
1952,Slow,Medium,Average,0.7043860785173763
1953,Moderate,Medium,Average,0.09083818106141417
1954,Fast,Low,Poor,0.8595277052474898
1955,Fast,Low,Good,0.27244644110883165
1956,Slow,Medium,Average,0.6838839734462702
1957,Fast,Medium,Good,0.8443654912130965
1958,Fast,Medium,Poor,0.08795300836872899
1959,Slow,High,Average,0.045464627204925834
1960,Slow,Low,Good,0.3097585632586206
1961,Fast,Low,Good,0.42215516492748006
1962,Slow,Low,Average,0.24609912257631594
1963,Moderate,Medium,Good,0.38715539405398314
1964,Fast,High,Poor,0.8606044903497095
1965,Moderate,Low,Poor,0.6952789013674103
1966,Slow,Low,Poor,0.1513609513919435
1967,Fast,High,Average,0.3917277636311782
1968,Fast,Medium,Good,0.17522429236611525
1969,Fast,High,Poor,0.6848036956458562
1970,Fast,Medium,Poor,0.4058877526047254
1971,Fast,Medium,Good,0.5493645514442687
1972,Moderate,Low,Average,0.8923384702208084
1973,Fast,Low,Poor,0.7736793464792507
1974,Fast,Low,Poor,0.4287514083413543
1975,Moderate,Low,Good,0.9792482787019853
1976,Fast,Low,Average,0.8211420914972102
1977,Moderate,Medium,Poor,0.2634427593968093
1978,Slow,High,Good,0.9099550632726093
1979,Moderate,Medium,Average,0.4002190955388112
1980,Moderate,High,Poor,0.9742425255217365
1981,Fast,Medium,Good,0.6676739510082869
1982,Moderate,High,Good,0.6958883576785689
1983,Moderate,High,Poor,0.33867960445703094
1984,Slow,High,Poor,0.876847774154112
1985,Fast,High,Average,0.5572190449300439
1986,Moderate,High,Average,0.6425799158045408
1987,Fast,High,Good,0.02413277869255359
1988,Moderate,High,Poor,0.9832414364723987
1989,Slow,Medium,Poor,0.10818619488003878
1990,Moderate,High,Good,0.8991452884450164
1991,Slow,Medium,Good,0.4035894707651476
1992,Slow,Medium,Good,0.5644418416538133
1993,Moderate,Medium,Poor,0.20832691772804146
1994,Fast,Low,Good,0.9305620270355727
1995,Moderate,High,Good,0.977241565000449
1996,Moderate,High,Poor,0.9724845622761592
1997,Slow,High,Average,0.14909567867143392
1998,Fast,Low,Good,0.9204723006138882
1999,Moderate,Medium,Poor,0.6711124983744359
2000,Moderate,Medium,Poor,0.6255895834697527
2001,Fast,Medium,Average,0.2015141254241084
2002,Fast,Low,Good,0.06967286442358778
2003,Slow,Medium,Poor,0.5492512713778943
2004,Slow,Medium,Average,0.7725347961266315
2005,Moderate,High,Good,0.6164793585412445
2006,Fast,Low,Poor,0.33989582116183337
2007,Slow,Medium,Good,0.35018940573084434
2008,Moderate,Medium,Poor,0.11286941764682212
2009,Moderate,High,Good,0.8475647962784947
2010,Moderate,Low,Good,0.4265528542416397
2011,Slow,Medium,Good,0.9324054961466182
2012,Moderate,High,Average,0.9956087115144261
2013,Slow,Medium,Good,0.4245612382065571
2014,Moderate,High,Average,0.29972948472092487
2015,Slow,Medium,Poor,0.9739405835732572
2016,Moderate,High,Average,0.5792678295751993
2017,Fast,Low,Average,0.6133904280636049
2018,Slow,Medium,Average,0.11355454384349384
2019,Fast,Medium,Good,0.22976067485552631
2020,Moderate,Low,Poor,0.6155085552650431
2021,Slow,Low,Average,0.9608555767847797
2022,Moderate,Medium,Poor,0.20908484215873002
2023,Fast,Low,Poor,0.028264701049977692
2024,Slow,Low,Poor,0.25166443504547076
2025,Slow,Low,Good,0.13802760893789678
2026,Fast,Medium,Good,0.21523273210573268
2027,Fast,Medium,Good,0.7826550110555796
2028,Moderate,Medium,Average,0.37681960614797083
2029,Slow,High,Good,0.24652129583936833
2030,Moderate,Low,Poor,0.37689501688521376
2031,Moderate,Low,Poor,0.27671999754229926
2032,Moderate,Medium,Good,0.8794173102643961
2033,Moderate,Low,Average,0.1835632449473269
2034,Fast,Medium,Good,0.5133940092085156
2035,Slow,High,Poor,0.8903144562136512
2036,Fast,Low,Average,0.43738324249298977
2037,Fast,High,Poor,0.7028508233960326
2038,Slow,High,Poor,0.4337844022073727
2039,Fast,Low,Average,0.25652042732580793
2040,Moderate,Low,Poor,0.31119244435437654
2041,Moderate,Low,Good,0.47953055272128886
2042,Slow,Medium,Good,0.3154892064822239
2043,Slow,Low,Poor,0.6586225089630944
2044,Slow,Low,Good,0.8618151761459075
2045,Slow,Medium,Good,0.3518268970868115
2046,Slow,High,Good,0.5090021835367382
2047,Fast,High,Good,0.8619440915809912
2048,Moderate,Low,Average,0.4911409691346621
2049,Fast,Medium,Poor,0.5499083871271615
2050,Moderate,Medium,Good,0.07336075951691956
2051,Moderate,Low,Average,0.3361084892211431
2052,Slow,High,Poor,0.25700564347427723
2053,Slow,Medium,Poor,0.6149341779171474
2054,Slow,High,Poor,0.21212539872193992
2055,Slow,High,Average,0.61914713604919
2056,Slow,Low,Average,0.9920384737785946
2057,Moderate,High,Average,0.6740229943935936
2058,Slow,Low,Good,0.5107132869450313
2059,Slow,High,Good,0.20941981680028088
2060,Fast,Low,Good,0.7785530255185421
2061,Fast,Low,Poor,0.0078066944888902645
2062,Slow,Medium,Average,0.5715889152967192
2063,Fast,High,Poor,0.981727217381659
2064,Slow,High,Average,0.43677788302125775
2065,Slow,Low,Poor,0.16860366138254235
2066,Fast,Medium,Poor,0.11925016768146657
2067,Moderate,Medium,Average,0.8377574453503394
2068,Fast,High,Good,0.0780318706538553
2069,Moderate,Low,Good,0.6014711008812074
2070,Fast,High,Good,0.21598527572950332
2071,Fast,Medium,Good,0.21389573637479176
2072,Moderate,Medium,Poor,0.3389830893381708
2073,Moderate,High,Poor,0.4274505332424855
2074,Moderate,Low,Poor,0.8892381375268256
2075,Moderate,High,Average,0.7019535339703258
2076,Fast,Medium,Good,0.09566871042821268
2077,Slow,High,Average,0.3445018551424617
2078,Fast,Medium,Good,0.9891792332678332
2079,Fast,Low,Poor,0.7196639255967116
2080,Moderate,Medium,Good,0.35121963066756967
2081,Moderate,Medium,Poor,0.46199950736420814
2082,Slow,High,Good,0.188174646052918
2083,Slow,High,Good,0.8939876737572474
2084,Fast,Low,Average,0.008200709427645614
2085,Fast,Medium,Good,0.1126071490393118
2086,Moderate,Medium,Poor,0.04905836740864322
2087,Slow,High,Average,0.09141437676969111
2088,Slow,High,Good,0.10557564221946336
2089,Fast,High,Average,0.7932296782733221
2090,Fast,Low,Poor,0.3499975228576183
2091,Fast,High,Poor,0.6619177301579263
2092,Fast,Medium,Poor,0.15591850966282705
2093,Slow,Low,Poor,0.9161491964470573
2094,Fast,Low,Good,0.25267962773934904
2095,Moderate,Medium,Good,0.49670612969676253
2096,Moderate,High,Average,0.7736366450057608
2097,Slow,Medium,Average,0.43169744564093293
2098,Fast,Low,Good,0.148110924889023
2099,Slow,Low,Poor,0.2815538627281957
2100,Fast,Low,Poor,0.3966087993343448
2101,Slow,Low,Poor,0.7509283935167222
2102,Moderate,High,Average,0.527299133128794
2103,Fast,High,Average,0.5741619996095829
2104,Fast,Medium,Average,0.45610539951721263
2105,Slow,Low,Poor,0.4513360327392887
2106,Slow,Medium,Good,0.9407170796391084
2107,Slow,Medium,Poor,0.8274809597570061
2108,Slow,High,Poor,0.003716100271983991
2109,Moderate,Medium,Poor,0.532873679161507
2110,Fast,Low,Good,0.26879709616697756
2111,Fast,High,Good,0.5765639634226069
2112,Fast,High,Good,0.9792381683199844
2113,Fast,High,Average,0.9720420941766236
2114,Moderate,Low,Good,0.001314633430626433
2115,Moderate,Low,Poor,0.6905385581155655
2116,Slow,Low,Poor,0.43442013811832947
2117,Slow,Low,Good,0.570560051740898
2118,Moderate,Low,Poor,0.5176104774128251
2119,Moderate,High,Good,0.04905357258779386
2120,Slow,Medium,Poor,0.25209865956229993
2121,Fast,High,Average,0.30390087697246826
2122,Slow,Medium,Average,0.5110088356826128
2123,Slow,Low,Good,0.12113857384890148
2124,Moderate,Low,Good,0.9983069303819881
2125,Fast,Medium,Average,0.7910721434781124
2126,Moderate,Medium,Poor,0.7912042535880711
2127,Fast,Medium,Poor,0.468579804375139
2128,Moderate,Medium,Good,0.970064537020164
2129,Fast,Low,Good,0.9901097837349171
2130,Moderate,High,Average,0.4320837128520679
2131,Moderate,Medium,Poor,0.13669507448903628
2132,Fast,Low,Average,0.680213370933668
2133,Slow,High,Average,0.6777604943626712
2134,Moderate,Low,Poor,0.4308173907871258
2135,Moderate,High,Good,0.8301389022766535
2136,Moderate,Medium,Average,0.06477219952520175
2137,Fast,Medium,Good,0.5067833815823141
2138,Moderate,Low,Poor,0.7929022783296358
2139,Fast,Medium,Average,0.0939637954103828
2140,Fast,Medium,Poor,0.6555939512448392
2141,Slow,Medium,Good,0.8400771596877241
2142,Fast,Medium,Good,0.3060584529251448
2143,Slow,High,Average,0.3757593478039629
2144,Fast,Medium,Good,0.4682175960879691
2145,Moderate,Low,Average,0.8639570281150231
2146,Fast,Medium,Poor,0.1576886720731473
2147,Slow,High,Good,0.9888376327800935
2148,Fast,Low,Average,0.8724131764867018
2149,Fast,Low,Average,0.3417096871302282
2150,Moderate,High,Good,0.40402010286281353
